BOTANICAL REVERSIBLE FACE MASK,$50.00,https://biancaspender.com/collections/shop-all/products/botanical-reversible-face-mask,//cdn.shopify.com/s/files/1/0373/2642/2152/products/IMG_2918_420x.jpg?v=1602820943,Bianca Spender
BOTANICAL GEORGETTE OTTELIA DRESS,$675.00,https://biancaspender.com/collections/shop-all/products/botanical-georgette-ottelia-dress,//cdn.shopify.com/s/files/1/0373/2642/2152/products/2683-2_1ba9e623-69ab-4a05-9430-715f77daf30b_420x.jpg?v=1599897120,Bianca Spender
ROYAL BLUE CREPE MANNERIST JACKET,$895.00,https://biancaspender.com/collections/shop-all/products/royal-blue-crepe-mannerist-jacket,//cdn.shopify.com/s/files/1/0373/2642/2152/products/14_f94875e5-6701-40cc-a594-33f26a8d414a_420x.jpg?v=1600235830,Bianca Spender
NAVY SILK GEORGETTE ENCIRCLE DRESS,$795.00,https://biancaspender.com/collections/shop-all/products/navy-silk-georgette-encircle-dress,//cdn.shopify.com/s/files/1/0373/2642/2152/products/1940-1_420x.jpg?v=1600080263,Bianca Spender
NAVY JERSEY BOHEME DRESS,$625.00,https://biancaspender.com/collections/shop-all/products/navy-jersey-boheme-dress,//cdn.shopify.com/s/files/1/0373/2642/2152/products/2620-2a_420x.jpg?v=1600080099,Bianca Spender
NOIR BONDED CREPE ZENITH JACKET,$475.00,https://biancaspender.com/collections/shop-all/products/noir-bonded-crepe-zenith-jacket,//cdn.shopify.com/s/files/1/0373/2642/2152/products/1890-1_63382889-238e-437b-adbf-d5304d0bc0e6_420x.jpg?v=1600080425,Bianca Spender
WHITE CRINKLE CREPE CHLOE DRESS,$645.00,https://biancaspender.com/collections/shop-all/products/white-crinkle-crepe-chloe-dress,//cdn.shopify.com/s/files/1/0373/2642/2152/products/6_420x.jpg?v=1600223658,Bianca Spender
BLACK CREPE MAJORCA DRESS,$625.00,https://biancaspender.com/collections/shop-all/products/black-crepe-majorca-dress,//cdn.shopify.com/s/files/1/0373/2642/2152/products/2570-1_a6b51da7-c5b3-4a9a-a177-dd0a21639de5_420x.jpg?v=1599896581,Bianca Spender
WHITE CRINKLE CREPE ZEN TOP,$365.00,https://biancaspender.com/collections/shop-all/products/white-crinkle-crepe-zen-top,//cdn.shopify.com/s/files/1/0373/2642/2152/products/2582-21_420x.jpg?v=1600223634,Bianca Spender
SAPPHIRE & MAGENTA SILK MILA DRESS,$875.00,https://biancaspender.com/collections/shop-all/products/sapphire-magenta-silk-mila-dress,//cdn.shopify.com/s/files/1/0373/2642/2152/products/10_420x.jpg?v=1600233780,Bianca Spender
BRONZE SILK JUNIPER TOP,$475.00,https://biancaspender.com/collections/shop-all/products/bronze-silk-juniper-top,//cdn.shopify.com/s/files/1/0373/2642/2152/products/9_420x.jpg?v=1599897170,Bianca Spender
PEPPER ORCHID TOP,$265.00,https://biancaspender.com/collections/shop-all/products/pepper-orchid-top,//cdn.shopify.com/s/files/1/0373/2642/2152/products/2602-1_f9b83238-2ed1-4f06-ad11-8167072238e4_420x.jpg?v=1600081047,Bianca Spender
ROYAL BLUE CREPE PIXIE TOP,$345.00,https://biancaspender.com/collections/shop-all/products/royal-blue-crepe-pixie-top,//cdn.shopify.com/s/files/1/0373/2642/2152/products/2502-2A_420x.jpg?v=1600235610,Bianca Spender
QUARTZ JERSEY AESTHETE DRESS,$525.00,https://biancaspender.com/collections/shop-all/products/quartz-jersey-aesthete-dress,//cdn.shopify.com/s/files/1/0373/2642/2152/products/24_420x.jpg?v=1600904847,Bianca Spender
ROYAL BLUE CREPE ATHENA DRESS,$695.00,https://biancaspender.com/collections/shop-all/products/royal-blue-crepe-athena-dress,//cdn.shopify.com/s/files/1/0373/2642/2152/products/12_420x.jpg?v=1600236409,Bianca Spender
ROYAL BLUE CREPE BOARDWALK PANT,$475.00,https://biancaspender.com/collections/shop-all/products/royal-blue-crepe-boardwalk-pant,//cdn.shopify.com/s/files/1/0373/2642/2152/products/11_420x.jpg?v=1600236272,Bianca Spender
MUSK FLORAL ORCHID TOP,$325.00,https://biancaspender.com/collections/shop-all/products/musk-floral-orchid-top,//cdn.shopify.com/s/files/1/0373/2642/2152/products/2521-1_e1ed94eb-bfe8-4e3c-8641-c792c733a629_420x.jpg?v=1600080127,Bianca Spender
BLACK CREPE CLARION PANT,$445.00,https://biancaspender.com/collections/shop-all/products/black-crepe-clarion-pant,//cdn.shopify.com/s/files/1/0373/2642/2152/products/1684-1a_420x.jpg?v=1599813225,Bianca Spender
PORCELAIN CREPE MAJORCA DRESS,$625.00,https://biancaspender.com/collections/shop-all/products/eggshell-crepe-majorca-dress,//cdn.shopify.com/s/files/1/0373/2642/2152/products/37_82897a14-df99-4721-87ba-c701dc581653_420x.jpg?v=1601605711,Bianca Spender
BRONZE SILK PAPERBARK PANT,$475.00,https://biancaspender.com/collections/shop-all/products/bronze-silk-paperbark-pant,//cdn.shopify.com/s/files/1/0373/2642/2152/products/33_1fd9f223-2074-4614-9847-c4a5d528dc5f_420x.jpg?v=1600905598,Bianca Spender
BLACK JERSEY HELENA TOP,$295.00,https://biancaspender.com/collections/shop-all/products/black-jersey-helena-top,//cdn.shopify.com/s/files/1/0373/2642/2152/products/2661-1_ed4c6bc6-f1c3-4f51-9a21-ba23f41f3101_420x.jpg?v=1599896983,Bianca Spender
BEIGE SPECKLE SVELTE PANT,$395.00,https://biancaspender.com/collections/shop-all/products/beige-speckle-svelte-pant,//cdn.shopify.com/s/files/1/0373/2642/2152/products/2632-1_cf1b1199-ae8e-4b08-892a-55c0f9f09773_420x.jpg?v=1599698425,Bianca Spender
PEPPER FALLOW SKIRT,$395.00,https://biancaspender.com/collections/shop-all/products/pepper-fallow-skirt,//cdn.shopify.com/s/files/1/0373/2642/2152/products/2603-1_a85bd445-1c8e-4400-bcb0-dc94f7936f49_420x.jpg?v=1600080915,Bianca Spender
MUSK FLORAL BANKSIA SKIRT,$375.00,https://biancaspender.com/collections/shop-all/products/musk-floral-banksia-skirt,//cdn.shopify.com/s/files/1/0373/2642/2152/products/27_e41fb1e9-e574-48de-bc35-50f38c341bdd_420x.jpg?v=1600905316,Bianca Spender
Fatigue Trouser in Forest,$100,https://shop.kotn.com//collections/mens/products/fatigue-trouser-in-forest,https://cdn.shopify.com/s/files/1/0932/1356/products/Fatigue_Trouser_Forest_Front_View_Full_1000x1500_crop_center.jpg?v=1602703944,Kotn
Fatigue Trouser in Black,$100,https://shop.kotn.com//collections/mens/products/fatigue-trouser-in-black,https://cdn.shopify.com/s/files/1/0932/1356/products/Fatigue_Trouser_Black_Front_View_Full_1000x1500_crop_center.jpg?v=1602704229,Kotn
Colour Block Rugby Shirt in Deep Sea,$125,https://shop.kotn.com//collections/mens/products/colour-block-rugby-shirt-in-deep-sea,https://cdn.shopify.com/s/files/1/0932/1356/products/Rugby_DeepseaAmberWhite_FrontView_1000x1500_crop_center.jpg?v=1601405411,Kotn
 Pleated Pants in Bronze,$98,https://shop.kotn.com//collections/mens/products/mens-pleated-pants-in-bronze,https://cdn.shopify.com/s/files/1/0932/1356/products/Pleated_Pant_Bronze_Front_View_Full_1000x1500_crop_center.jpg?v=1602086413,Kotn
Reverse Terry Hoodie in Amber Multi,$115,https://shop.kotn.com//collections/mens/products/reverse-terry-hoodie-in-amber-multi,https://cdn.shopify.com/s/files/1/0932/1356/products/Mens_Reverse_Terry_Hoodie_AmberMulti_Front_Full_1000x1500_crop_center.jpg?v=1602018270,Kotn
Reverse Terry Hoodie in Midnight Multi,$115,https://shop.kotn.com//collections/mens/products/reverse-terry-hoodie-in-midnight-multi,https://cdn.shopify.com/s/files/1/0932/1356/products/Mens_Reverse_Terry_Hoodie_MidnightMulti_Front_Close_1000x1500_crop_center.jpg?v=1602018399,Kotn
Baseball Jacket in Alabaster,$120,https://shop.kotn.com//collections/mens/products/baseball-jacket-in-alabaster,https://cdn.shopify.com/s/files/1/0932/1356/products/Baseball_Jacket_Alabaster_Front_Full_1000x1500_crop_center.jpg?v=1602089291,Kotn
Baseball Jacket in Black/Midnight,$120,https://shop.kotn.com//collections/mens/products/baseball-jacket-in-black-midnight,https://cdn.shopify.com/s/files/1/0932/1356/products/Baseball_Jacket_Black_Midnight_Full_Close_1000x1500_crop_center.jpg?v=1602090586,Kotn
 Essential Sweatshirt in Deep Sea,$80,https://shop.kotn.com//collections/mens/products/mens-essential-sweatshirt-in-deep-sea,https://cdn.shopify.com/s/files/1/0932/1356/products/Essential_Sweatshirt_DeepSea_Front_Full_1000x1500_crop_center.jpg?v=1601661781,Kotn
 Essential Sweatshirt in Amber,$80,https://shop.kotn.com//collections/mens/products/mens-essential-sweatshirt-in-amber,https://cdn.shopify.com/s/files/1/0932/1356/products/Essential_Sweatshirt_Amber_Front_Full_1000x1500_crop_center.jpg?v=1601661592,Kotn
 Essential Sweatshirt in Black,$80,https://shop.kotn.com//collections/mens/products/mens-essential-sweatshirt-in-black,https://cdn.shopify.com/s/files/1/0932/1356/products/Essential_Sweatshirt_Black_Front_Full_1000x1500_crop_center.jpg?v=1601661674,Kotn
 Sweatpant in Black,$88,https://shop.kotn.com//collections/mens/products/mens-sweatpant-in-black,https://cdn.shopify.com/s/files/1/0932/1356/products/Essential_Sweatpant_Black_Front_Full_1000x1500_crop_center.jpg?v=1601660343,Kotn
 Sweatpant in Amber,$88,https://shop.kotn.com//collections/mens/products/mens-sweatpant-in-amber,https://cdn.shopify.com/s/files/1/0932/1356/products/Essential_Sweatpant_Amber_Front_Full_1000x1500_crop_center.jpg?v=1601660485,Kotn
 Sweatpant in Deep Sea,$88,https://shop.kotn.com//collections/mens/products/mens-sweatpant-in-deep-sea,https://cdn.shopify.com/s/files/1/0932/1356/products/Essential_Sweatpant_DeepSea_Front_Full_1000x1500_crop_center.jpg?v=1601660594,Kotn
Reverse Terry Popover in Alabaster,$110,https://shop.kotn.com//collections/mens/products/reverse-terry-popover-in-alabaster,https://cdn.shopify.com/s/files/1/0932/1356/products/Mens_Reverse_Terry_Popover_Alabaster_Front_Full_1000x1500_crop_center.jpg?v=1602881317,Kotn
Reverse Terry Popover in Amber,$110,https://shop.kotn.com//collections/mens/products/reverse-terry-popover-in-amber,https://cdn.shopify.com/s/files/1/0932/1356/products/Mens_Reverse_Terry_Popover__Amber_Front_Full_1000x1500_crop_center.jpg?v=1601931600,Kotn
Colour Block Rugby Shirt in Bronze/Midnight,$125,https://shop.kotn.com//collections/mens/products/colour-block-rugby-shirt-in-bronze-midnight,https://cdn.shopify.com/s/files/1/0932/1356/products/Rugby_BronzeMidnight_FrontViewFull_1000x1500_crop_center.jpg?v=1601405246,Kotn
Colour Block Rugby Shirt in Black/Gunmetal,$125,https://shop.kotn.com//collections/mens/products/colour-block-rugby-shirt-in-gunmetal-black,https://cdn.shopify.com/s/files/1/0932/1356/products/Rugby_BlackGunmetal_FrontView_1000x1500_crop_center.jpg?v=1601405553,Kotn
Contrast Rib Sweatshirt in Deep Sea,$85,https://shop.kotn.com//collections/mens/products/contrast-rib-sweatshirt-in-deep-sea,https://cdn.shopify.com/s/files/1/0932/1356/products/Contrast_Sweatshirt_DeepSea_Front_View_Full_1000x1500_crop_center.jpg?v=1600976181,Kotn
Contrast Rib Sweatshirt in Alabaster,$85,https://shop.kotn.com//collections/mens/products/contrast-rib-sweatshirt-in-alabaster,https://cdn.shopify.com/s/files/1/0932/1356/products/Contrast_Sweatshirt_Alabaster_Front_View_Full_1000x1500_crop_center.jpg?v=1600974251,Kotn
 Anniversary Sweatshirt in Black,$90,https://shop.kotn.com//collections/mens/products/mens-anniversary-sweatshirt-in-black,https://cdn.shopify.com/s/files/1/0932/1356/products/Embroidered_Sweatshirt_Black_Front_View_1000x1500_crop_center.jpg?v=1601390622,Kotn
 Anniversary Sweatshirt in Alabaster,$90,https://shop.kotn.com//collections/mens/products/mens-anniversary-sweatshirt-in-alabaster,https://cdn.shopify.com/s/files/1/0932/1356/products/Mens_Embroidered_Sweatshirt_Alabaster_Front_View_1000x1500_crop_center.jpg?v=1601389749,Kotn
 Mock Neck Sweatshirt in Merlot,$85,https://shop.kotn.com//collections/mens/products/mens-mock-neck-sweatshirt-in-merlot,https://cdn.shopify.com/s/files/1/0932/1356/products/M_MockNeckSweatshirt_Merlot_SideView_1000x1500_crop_center.jpg?v=1600973327,Kotn
 Mock Neck Sweatshirt in Alabaster,$85,https://shop.kotn.com//collections/mens/products/mens-mock-neck-sweatshirt-in-alabaster,https://cdn.shopify.com/s/files/1/0932/1356/products/M_MockNeckSweatshirt_Alabaster_FrontViewFull_1000x1500_crop_center.jpg?v=1600971792,Kotn
 Mock Neck Sweatshirt in Black,$85,https://shop.kotn.com//collections/mens/products/mens-mock-neck-sweatshirt-in-black,https://cdn.shopify.com/s/files/1/0932/1356/products/M_MockNeckSweatshirt_Black_FrontView_1000x1500_crop_center.jpg?v=1600968665,Kotn
Essential Hoodie in Merlot,$88,https://shop.kotn.com//collections/mens/products/essential-hoodie-in-merlot,https://cdn.shopify.com/s/files/1/0932/1356/products/Unisex_Hoodie_Merlot_Front_View_Full_1000x1500_crop_center.jpg?v=1600978675,Kotn
Essential Hoodie in Black,$88,https://shop.kotn.com//collections/mens/products/essential-hoodie-in-black,https://cdn.shopify.com/s/files/1/0932/1356/products/Unisex_Hoodie_Black_Front_View_Full_1000x1500_crop_center.jpg?v=1600980492,Kotn
Essential Hoodie in Deep Sea,$88,https://shop.kotn.com//collections/mens/products/essential-hoodie-in-deep-sea,https://cdn.shopify.com/s/files/1/0932/1356/products/UnisexHoodie_DeepSea_1_1000x1500_crop_center.jpg?v=1602256732,Kotn
Helping Hands Longsleeve,$55,https://shop.kotn.com//collections/mens/products/helping-hands-longsleeve,https://cdn.shopify.com/s/files/1/0932/1356/products/Graphic_Helping_Hands_Longsleeve_FrontView_1000x1500_crop_center.jpg?v=1601491972,Kotn
Kotn Cartouche Crew,$45,https://shop.kotn.com//collections/mens/products/kotn-cartouche-crew,https://cdn.shopify.com/s/files/1/0932/1356/products/Graphic_Carouche_Crew_Final_Front_View_1000x1500_crop_center.jpg?v=1601492015,Kotn
Kotn Cartouche Longsleeve,$55,https://shop.kotn.com//collections/mens/products/kotn-cartouche-longsleeve,https://cdn.shopify.com/s/files/1/0932/1356/products/Graphic_Carouche_Longsleeve_Final_SideView_1000x1500_crop_center.jpg?v=1601492073,Kotn
 Turtleneck in Cashmere,$45,https://shop.kotn.com//collections/mens/products/mens-turtleneck-in-cashmere,https://cdn.shopify.com/s/files/1/0932/1356/products/Mens_Turtleneck_Cashmere_FrontView_1000x1500_crop_center.jpg?v=1599675721,Kotn
 Turtleneck in Merlot,$45,https://shop.kotn.com//collections/mens/products/mens-turtleneck-in-merlot,https://cdn.shopify.com/s/files/1/0932/1356/products/Mens_Turtleneck_Zinfandel_FrontView_1000x1500_crop_center.jpg?v=1599771953,Kotn
 Essential Crew in Amber,$35,https://shop.kotn.com//collections/mens/products/mens-essential-crew-in-amber,https://cdn.shopify.com/s/files/1/0932/1356/products/Mens_Essential_Crew_Amber_1000x1500_crop_center.jpg?v=1597956968,Kotn
 Crew Sock in Alabaster/Amber/Deep Sea,$12,https://shop.kotn.com//collections/mens/products/mens-crew-sock-in-alabaster-amber-deep-sea,https://cdn.shopify.com/s/files/1/0932/1356/products/Crew_Sock_Alabaster_Deep_Sea_Amber_SideView1_9f1ae95e-8dfa-425e-9dc2-cc7560ce13e9_1000x1500_crop_center.jpg?v=1602291942,Kotn
 Crew Sock in White/Merlot/Midnight,$12,https://shop.kotn.com//collections/mens/products/mens-crew-sock-in-white-merlot-midnight,https://cdn.shopify.com/s/files/1/0932/1356/products/NEW_CrewSocks_White_Merlot_Midnight_DetailView_048441fc-63ca-425e-a0d1-8be4cac11f89_1000x1500_crop_center.jpg?v=1602292286,Kotn
 Crew Sock in Black,$12,https://shop.kotn.com//collections/mens/products/crew-sock-in-black,https://cdn.shopify.com/s/files/1/0932/1356/products/Crew_Socks_Black_SideView2_cf5daf53-3926-4212-b5e7-ca86be35c51c_1000x1500_crop_center.jpg?v=1602291666,Kotn
 Crew Sock in White,$12,https://shop.kotn.com//collections/mens/products/crew-sock-in-white,https://cdn.shopify.com/s/files/1/0932/1356/products/crewsock_english_white_5ef78005-a734-4ea8-9c56-fa1a0e80c436_1000x1500_crop_center.jpg?v=1599230083,Kotn
Coaches Jacket in Black,$128,https://shop.kotn.com//collections/mens/products/coaches-jacket-in-black,https://cdn.shopify.com/s/files/1/0932/1356/products/Coaches_Jacket_Black_1000x1500_crop_center.jpg?v=1597412957,Kotn
Coaches Jacket in Forest,$128,https://shop.kotn.com//collections/mens/products/coaches-jacket-in-forest,https://cdn.shopify.com/s/files/1/0932/1356/products/Coaches_Jacket_Mountain_View_1000x1500_crop_center.jpg?v=1597412974,Kotn
 Strides In Black,$98,https://shop.kotn.com//collections/mens/products/mens-strides-in-black,https://cdn.shopify.com/s/files/1/0932/1356/products/Mens_Stride_Black_1000x1500_crop_center.jpg?v=1597439673,Kotn
 Strides In Camel,$98,https://shop.kotn.com//collections/mens/products/mens-strides-in-camel,https://cdn.shopify.com/s/files/1/0932/1356/products/Mens_Stride_Camel_3_1000x1500_crop_center.jpg?v=1597698845,Kotn
Five Pocket Trouser In Black,$98,https://shop.kotn.com//collections/mens/products/five-pocket-trouser-in-black,https://cdn.shopify.com/s/files/1/0932/1356/products/Five_Pocket_Trouser_Black2_1000x1500_crop_center.jpg?v=1596829543,Kotn
Five Pocket Trouser In Alabaster,$98,https://shop.kotn.com//collections/mens/products/five-pocket-trouser-in-alabaster,https://cdn.shopify.com/s/files/1/0932/1356/products/Five_Pocket_Trouser_Alabaster_1000x1500_crop_center.jpg?v=1595363795,Kotn
Pleated Pants in Black,$95,https://shop.kotn.com//collections/mens/products/pleated-pants-in-black,https://cdn.shopify.com/s/files/1/0932/1356/products/Aug62019_KotnEcomm_14695_d4ca345a-bde9-4eaf-9937-fbb0cc37be6d_1000x1500_crop_center.jpg?v=1597184588,Kotn
Pleated Pants In Forest,$98,https://shop.kotn.com//collections/mens/products/pleated-pants-in-forest,https://cdn.shopify.com/s/files/1/0932/1356/products/PleatedPant_Forest_Ed_1000x1500_crop_center.jpg?v=1597190441,Kotn
Work Pant in Natural,$98,https://shop.kotn.com//collections/mens/products/work-pant-in-natural,https://cdn.shopify.com/s/files/1/0932/1356/products/MensWorkPant-Alabaster-6_b1bf5fad-dd1d-4468-809f-da5f8b3ac0cb_1000x1500_crop_center.jpg?v=1598815148,Kotn
Work Pant in Black,$98,https://shop.kotn.com//collections/mens/products/work-pant-in-black,https://cdn.shopify.com/s/files/1/0932/1356/products/MensWorkPants-Black-5_fec0853f-f00a-490d-95da-7d70a426f48b_1000x1500_crop_center.jpg?v=1598815180,Kotn
Work Pant In Nile Blue,$98,https://shop.kotn.com//collections/mens/products/work-pant-in-nile-blue,https://cdn.shopify.com/s/files/1/0932/1356/products/Work_Pant_Nile_Blue_1000x1500_crop_center.jpg?v=1596833406,Kotn
Work Pant in Khaki Green,$98,https://shop.kotn.com//collections/mens/products/work-pant-in-khaki-green,https://cdn.shopify.com/s/files/1/0932/1356/products/MensWorkPants-Khaki-Green-5_50d7e855-5411-4cde-b752-7dbed31fe0f2_1000x1500_crop_center.jpg?v=1598815112,Kotn
Ribbed Turtleneck in Black,$50,https://shop.kotn.com//collections/womens/products/ribbed-turtleneck-in-black-1,https://cdn.shopify.com/s/files/1/0932/1356/products/W_RibbedTurtleneck_Black_FrontViewFull_1000x1500_crop_center.jpg?v=1601305067,Kotn
Puff Sleeve Sweatshirt in Rose Taupe,$85,https://shop.kotn.com//collections/womens/products/puff-sleeve-sweatshirt-in-rose-taupe,https://cdn.shopify.com/s/files/1/0932/1356/products/W_PuffSleeveSweatshirt_RoseTaupe_FrontView_1000x1500_crop_center.jpg?v=1600957272,Kotn
Longsleeve Dress in Cashmere,$68,https://shop.kotn.com//collections/womens/products/longsleeve-dress-in-cashmere,https://cdn.shopify.com/s/files/1/0932/1356/products/Longsleeve_Dress_Cashmere_FrontView_1000x1500_crop_center.jpg?v=1600868270,Kotn
 Anniversary Mock Neck Sweatshirt in Alabaster,$90,https://shop.kotn.com//collections/womens/products/womens-anniversary-mock-neck-sweatshirt-in-alabaster,https://cdn.shopify.com/s/files/1/0932/1356/products/Embroidered_Mock_Neck_Sweatshirt_Alabaster_Front_View_Full_1000x1500_crop_center.jpg?v=1601392330,Kotn
Fitted Turtleneck in Deep Sea,$45,https://shop.kotn.com//collections/womens/products/fitted-turtleneck-in-deep-sea,https://cdn.shopify.com/s/files/1/0932/1356/products/Womens_Fitted_Turtleneck_DeepSea_FrontFull_1000x1500_crop_center.jpg?v=1602883102,Kotn
Reverse Terry Popover in Alabaster,$110,https://shop.kotn.com//collections/womens/products/reverse-terry-popover-in-alabaster,https://cdn.shopify.com/s/files/1/0932/1356/products/Mens_Reverse_Terry_Popover_Alabaster_Front_Full_1000x1500_crop_center.jpg?v=1602881317,Kotn
Ribbed Henley in Portabello,$48,https://shop.kotn.com//collections/womens/products/ribbed-henley-in-portabello,https://cdn.shopify.com/s/files/1/0932/1356/products/Ribbed_Henley_Portobello_Front_View_Full_1000x1500_crop_center.jpg?v=1601045245,Kotn
Trouser Short In Black,$78,https://shop.kotn.com//collections/womens/products/trouser-short-in-black,https://cdn.shopify.com/s/files/1/0932/1356/products/Trouser_Short_Black_FrontView_1000x1500_crop_center.jpg?v=1599146880,Kotn
 Essential Sweatshirt in Amber,$80,https://shop.kotn.com//collections/womens/products/womens-essential-sweatshirt-in-amber,https://cdn.shopify.com/s/files/1/0932/1356/products/Essential_Sweatshirt_Amber_Front_Full_5f1777fb-70f5-4cac-987a-647d6342ccc3_1000x1500_crop_center.jpg?v=1601661873,Kotn
 Sweatpant in Alabaster,$88,https://shop.kotn.com//collections/womens/products/womens-sweatpant-in-alabaster,https://cdn.shopify.com/s/files/1/0932/1356/products/Essential_Sweatpant_Alabaster_Front_Full_1000x1500_crop_center.jpg?v=1601660935,Kotn
Ribbed Henley in Black,$48,https://shop.kotn.com//collections/womens/products/ribbed-henley-in-black,https://cdn.shopify.com/s/files/1/0932/1356/products/Ribbed_Henley_Black_Front_View_Close_1000x1500_crop_center.jpg?v=1601045536,Kotn
Ribbed Mock Neck Top in Black,$48,https://shop.kotn.com//collections/womens/products/ribbed-mock-neck-top-in-black,https://cdn.shopify.com/s/files/1/0932/1356/products/W_RibbedMockNeckTop_Black_FrontViewFull_1000x1500_crop_center.jpg?v=1601042310,Kotn
Ribbed Henley in Rose Taupe,$48,https://shop.kotn.com//collections/womens/products/ribbed-henley-in-rose-taupe,https://cdn.shopify.com/s/files/1/0932/1356/products/Ribbed_Henley_Rose_Taupe_Front_View_Close_1000x1500_crop_center.jpg?v=1601045746,Kotn
Puff Sleeve Sweatshirt in Merlot,$85,https://shop.kotn.com//collections/womens/products/puff-sleeve-sweatshirt-in-merlot,https://cdn.shopify.com/s/files/1/0932/1356/products/W_PuffSleeveSweatshirt_Merlot_FrontView_1000x1500_crop_center.jpg?v=1600961217,Kotn
Ribbed Mock Neck Top in Portabello,$48,https://shop.kotn.com//collections/womens/products/ribbed-mock-neck-top-in-portabello,https://cdn.shopify.com/s/files/1/0932/1356/products/W_RibbedMockNeckTop_Portobello_FrontViewFull_1000x1500_crop_center.jpg?v=1601041856,Kotn
Ribbed Mock Neck Top in Rose Taupe,$48,https://shop.kotn.com//collections/womens/products/ribbed-mock-neck-top-in-rose-taupe,https://cdn.shopify.com/s/files/1/0932/1356/products/W_RibbedMockNeckTop_RoseTaupe_FrontView_1000x1500_crop_center.jpg?v=1601044632,Kotn
Belted Jacket in Black,$148,https://shop.kotn.com//collections/womens/products/belted-jacket-in-black,https://cdn.shopify.com/s/files/1/0932/1356/products/Belted_Jacket_Black_1_1000x1500_crop_center.jpg?v=1598478996,Kotn
Ribbed Turtleneck in Portabello,$50,https://shop.kotn.com//collections/womens/products/ribbed-turtleneck-in-portabello,https://cdn.shopify.com/s/files/1/0932/1356/products/W_RibbedTurtleneck_Portobello_FrontView_1000x1500_crop_center.jpg?v=1601041018,Kotn
Culotte Trousers in Bronze,$98,https://shop.kotn.com//collections/womens/products/culotte-trousers-in-bronze,https://cdn.shopify.com/s/files/1/0932/1356/products/Culotte_Trouser_Bronze_Front_VIew-Full_1000x1500_crop_center.jpg?v=1602078053,Kotn
Trouser Short In Forest,$78,https://shop.kotn.com//collections/womens/products/trouser-short-in-forest,https://cdn.shopify.com/s/files/1/0932/1356/products/Trouser_Short_Forest_FrontView_1000x1500_crop_center.jpg?v=1599147501,Kotn
Box Pleat Trouser In Black,$98,https://shop.kotn.com//collections/womens/products/box-pleat-trouser-in-black,https://cdn.shopify.com/s/files/1/0932/1356/products/Box_Pleat_Trousers_Black_FrontFull_1_1000x1500_crop_center.jpg?v=1602875858,Kotn
Box Pleat Trouser In Camel,$98,https://shop.kotn.com//collections/womens/products/box-pleat-trouser-in-camel,https://cdn.shopify.com/s/files/1/0932/1356/products/Box_Pleat_Trousers_Camel_FrontFull_1000x1500_crop_center.jpg?v=1602876015,Kotn
 Essential Sweatshirt in Black,$80,https://shop.kotn.com//collections/womens/products/womens-essential-sweatshirt-in-black-1,https://cdn.shopify.com/s/files/1/0932/1356/products/Essential_Sweatshirt_Black_Front_Full_43757d1d-f232-47e4-befc-af0722b25833_1000x1500_crop_center.jpg?v=1602877800,Kotn
 Essential Sweatshirt in Deep Sea,$80,https://shop.kotn.com//collections/womens/products/womens-essential-sweatshirt-in-deep-sea,https://cdn.shopify.com/s/files/1/0932/1356/products/Essential_Sweatshirt_DeepSea_Front_Full_c989ad35-bc96-40bc-ae4a-d6619c43854c_1000x1500_crop_center.jpg?v=1601662173,Kotn
 Sweatpant in Amber,$88,https://shop.kotn.com//collections/womens/products/womens-sweatpant-in-amber,https://cdn.shopify.com/s/files/1/0932/1356/products/Essential_Sweatpant_Amber_Front_Full_c3fccc87-573a-47b5-9be5-8fa50344777f_1000x1500_crop_center.jpg?v=1601660726,Kotn
Reverse Terry Popover in Amber,$110,https://shop.kotn.com//collections/womens/products/reverse-terry-popover-in-amber,https://cdn.shopify.com/s/files/1/0932/1356/products/Mens_Reverse_Terry_Popover__Amber_Front_Full_1000x1500_crop_center.jpg?v=1601931600,Kotn
 Anniversary Mock Neck Sweatshirt in Black,$90,https://shop.kotn.com//collections/womens/products/womens-anniversary-mock-neck-sweatshirt-in-black,https://cdn.shopify.com/s/files/1/0932/1356/products/Embroidered_Mock_Neck_Sweatshirt_Black_Front_View_Full_1000x1500_crop_center.jpg?v=1601393170,Kotn
 Anniversary Mock Neck Sweatshirt in Rose Taupe,$90,https://shop.kotn.com//collections/womens/products/womens-anniversary-mock-neck-sweatshirt-in-rose-taupe,https://cdn.shopify.com/s/files/1/0932/1356/products/Embroidered_Mock_Neck_Sweatshirt_Rose_Taupe_Front_View_Full_1000x1500_crop_center.jpg?v=1601394060,Kotn
Puff Sleeve Sweatshirt in Alabaster,$85,https://shop.kotn.com//collections/womens/products/puff-sleeve-sweatshirt-in-alabaster-1,https://cdn.shopify.com/s/files/1/0932/1356/products/W_PuffSleeveSweatshirt_Alabaster_FrontView_1000x1500_crop_center.jpg?v=1600963452,Kotn
Puff Sleeve Sweatshirt in Black,$85,https://shop.kotn.com//collections/womens/products/puff-sleeve-sweatshirt-in-black-1,https://cdn.shopify.com/s/files/1/0932/1356/products/W_PuffSleeveSweatshirt_Black_FrontViewFull_1000x1500_crop_center.jpg?v=1600962958,Kotn
 Mock Neck Sweatshirt in Black,$85,https://shop.kotn.com//collections/womens/products/womens-mock-neck-sweatshirt-in-black,https://cdn.shopify.com/s/files/1/0932/1356/products/W_MockNeckSweatshirt_Black_FrontViewFull_1000x1500_crop_center.jpg?v=1600961915,Kotn
 Mock Neck Sweatshirt in Alabaster,$85,https://shop.kotn.com//collections/womens/products/womens-mock-neck-sweatshirt-in-alabaster,https://cdn.shopify.com/s/files/1/0932/1356/products/W_MockNeckSweatshirt_Alabaster_FrontViewFull_1000x1500_crop_center.jpg?v=1600967441,Kotn
 Mock Neck Sweatshirt in Rose Taupe,$85,https://shop.kotn.com//collections/womens/products/womens-mock-neck-sweatshirt-in-rose-taupe,https://cdn.shopify.com/s/files/1/0932/1356/products/W_MockNeckSweatshirt_RoseTaupe_FrontViewClose_1000x1500_crop_center.jpg?v=1600968040,Kotn
Fitted Longsleeve in Portabello,$38,https://shop.kotn.com//collections/womens/products/fitted-longsleeve-in-portabello,https://cdn.shopify.com/s/files/1/0932/1356/products/W_Longsleeve_Portobello_FrontViewFull_1000x1500_crop_center.jpg?v=1600955290,Kotn
Essential Hoodie in Deep Sea,$88,https://shop.kotn.com//collections/womens/products/essential-hoodie-in-deep-sea,https://cdn.shopify.com/s/files/1/0932/1356/products/UnisexHoodie_DeepSea_1_1000x1500_crop_center.jpg?v=1602256732,Kotn
Essential Hoodie in Merlot,$88,https://shop.kotn.com//collections/womens/products/essential-hoodie-in-merlot,https://cdn.shopify.com/s/files/1/0932/1356/products/Unisex_Hoodie_Merlot_Front_View_Full_1000x1500_crop_center.jpg?v=1600978675,Kotn
Essential Hoodie in Black,$88,https://shop.kotn.com//collections/womens/products/essential-hoodie-in-black,https://cdn.shopify.com/s/files/1/0932/1356/products/Unisex_Hoodie_Black_Front_View_Full_1000x1500_crop_center.jpg?v=1600980492,Kotn
Kotn Cartouche Crew,$45,https://shop.kotn.com//collections/womens/products/kotn-cartouche-crew,https://cdn.shopify.com/s/files/1/0932/1356/products/Graphic_Carouche_Crew_Final_Front_View_1000x1500_crop_center.jpg?v=1601492015,Kotn
Kotn Cartouche Longsleeve,$55,https://shop.kotn.com//collections/womens/products/kotn-cartouche-longsleeve,https://cdn.shopify.com/s/files/1/0932/1356/products/Graphic_Carouche_Longsleeve_Final_SideView_1000x1500_crop_center.jpg?v=1601492073,Kotn
Helping Hands Longsleeve,$55,https://shop.kotn.com//collections/womens/products/helping-hands-longsleeve,https://cdn.shopify.com/s/files/1/0932/1356/products/Graphic_Helping_Hands_Longsleeve_FrontView_1000x1500_crop_center.jpg?v=1601491972,Kotn
Fitted Turtleneck in Black,$45,https://shop.kotn.com//collections/womens/products/fitted-turtleneck-in-black,https://cdn.shopify.com/s/files/1/0932/1356/products/Womens_Fitted_Turtleneck_Black_FrontFull_1000x1500_crop_center.jpg?v=1602882935,Kotn
Fitted Turtleneck in Merlot,$45,https://shop.kotn.com//collections/womens/products/fitted-turtleneck-in-merlot,https://cdn.shopify.com/s/files/1/0932/1356/products/Fitted_Turtleneck_Merlot_FrontView_1000x1500_crop_center.jpg?v=1599674864,Kotn
Fitted Turtleneck in Amber,$45,https://shop.kotn.com//collections/womens/products/fitted-turtleneck-in-amber,https://cdn.shopify.com/s/files/1/0932/1356/products/Fitted_Turtleneck_Amber_FrontView_1000x1500_crop_center.jpg?v=1599673758,Kotn
V-neck Tank in Rose Taupe,$28,https://shop.kotn.com//collections/womens/products/v-neck-tank-in-rose-taupe,https://cdn.shopify.com/s/files/1/0932/1356/products/V_Neck_Tank_Rose_Taupe_FrontViewFullLook_1000x1500_crop_center.jpg?v=1599841645,Kotn
V-neck Tank in Bronze,$28,https://shop.kotn.com//collections/womens/products/v-neck-tank-in-bronze,https://cdn.shopify.com/s/files/1/0932/1356/products/V_NeckTank_Bronze_FrontViewFullLook_1000x1500_crop_center.jpg?v=1599841489,Kotn
Fitted Longsleeve in Rose Taupe,$38,https://shop.kotn.com//collections/womens/products/fitted-longsleeve-in-rose-taupe,https://cdn.shopify.com/s/files/1/0932/1356/products/Fitted_Longsleeve_Rose_Taupe_FrontView_1000x1500_crop_center.jpg?v=1599745750,Kotn
Longsleeve Dress in Black,$68,https://shop.kotn.com//collections/womens/products/longsleeve-dress-in-black,https://cdn.shopify.com/s/files/1/0932/1356/products/Longsleeve_Dress_Black_FrontView_1000x1500_crop_center.jpg?v=1600866738,Kotn
Fitted Longsleeve in White,$38,https://shop.kotn.com//collections/womens/products/fitted-longsleeve-in-white,https://cdn.shopify.com/s/files/1/0932/1356/products/Fitted_Longsleeve_White_FrontView_3de7c350-960f-4f1f-8636-b57286d72565_1000x1500_crop_center.jpg?v=1602622168,Kotn
Fitted Longsleeve in Alabaster,$38,https://shop.kotn.com//collections/womens/products/fitted-longsleeve-in-alabaster,https://cdn.shopify.com/s/files/1/0932/1356/products/Womens_Fitted_Longsleeve_Alabaster_FrontFull_1000x1500_crop_center.jpg?v=1602882800,Kotn
 Crew Sock in Alabaster/Amber/Deep Sea,$12,https://shop.kotn.com//collections/womens/products/womens-crew-sock-in-alabaster-amber-deep-sea,https://cdn.shopify.com/s/files/1/0932/1356/products/Crew_Sock_Alabaster_Deep_Sea_Amber_SideView1_3a7d6c76-ab21-4792-a04b-c49a88d8410f_1000x1500_crop_center.jpg?v=1602291903,Kotn
Pillowcase ,60.00,https://shop/pillowcase,https://images.squarespace-cdn.com/content/v1/55b6320ce4b074d8cb3522bd/1534020900592-3JNFU2KB23N5G9DT68YQ/ke17ZwdGBToddI8pDm48kGDpvalPb1SqHoCn1hwN0Y57gQa3H78H3Y0txjaiv_0fDoOvxcdMmMKkDsyUqMSsMWxHk725yiiHCCLfrh8O1z5QHyNOqBUUEtDDsRWrJLTmQPoRzxSr1hzN-vPBHt7YyLLXgctAyUJRqJUUGWVDK_ZzIgvsybGcZEPqUYiXY8im/silk-pillowcase-for-skin-and-hair+copy.jpg,The Ethical Silk Company
Mulberry Silk Pyjamas - Andaman Green,295.00,https://shop/mulberry-silk-pyjamas-jaipur-gold-n7dsx-mbng9,https://images.squarespace-cdn.com/content/v1/55b6320ce4b074d8cb3522bd/1590925353668-PHNMBLQ4H5TJQTF49JLW/ke17ZwdGBToddI8pDm48kJJ_PInH2gZrEXZewBAv8Dd7gQa3H78H3Y0txjaiv_0fDoOvxcdMmMKkDsyUqMSsMWxHk725yiiHCCLfrh8O1z5QHyNOqBUUEtDDsRWrJLTm8gdG5xRTtrVVyLXkddLwcnZB5zs8syUXo96a6qxM63Frj8ARDspyyKsYhRYgauez/Andaman+Green+Mulberry+Silk+Pyjamas.jpg,The Ethical Silk Company
Mulberry Silk Pajamas - Andaman Blue,295.00,https://shop/mulberry-silk-pyjamas-jaipur-gold-xacmf-7hll6-jzb44,https://images.squarespace-cdn.com/content/v1/55b6320ce4b074d8cb3522bd/1590925477435-7G1NB28M6YALDU9S4IWQ/ke17ZwdGBToddI8pDm48kFdcvPVM1E0Jcd1mdO-hgkd7gQa3H78H3Y0txjaiv_0fDoOvxcdMmMKkDsyUqMSsMWxHk725yiiHCCLfrh8O1z5QHyNOqBUUEtDDsRWrJLTmW6PTEIPSiHkoxzSCmjHS7_r9kwr8Joxdc6iCt2ISBzWJOYORTO_am9frslsykDCx/Andaman+Blue+Mulberry+Silk+Pyjamas.jpg,The Ethical Silk Company
Sleeping Beauty Set - Mulberry Silk Pillowcase & Eye Mask ,85.00,https://shop/sleeping-beauty-set-mulberry-silk-pillowcase-eye-mask,https://images.squarespace-cdn.com/content/v1/55b6320ce4b074d8cb3522bd/1542281145881-0LBLBT93RRVXZW0TY4ZX/ke17ZwdGBToddI8pDm48kNvT88LknE-K9M4pGNO0Iqd7gQa3H78H3Y0txjaiv_0fDoOvxcdMmMKkDsyUqMSsMWxHk725yiiHCCLfrh8O1z5QPOohDIaIeljMHgDF5CVlOqpeNLcJ80NK65_fV7S1USOFn4xF8vTWDNAUBm5ducQhX-V3oVjSmr829Rco4W2Uo49ZdOtO_QXox0_W7i2zEA/Sleeping+beauty+set+Squarespace.jpg,The Ethical Silk Company
Mulberry Silk Robe - Andaman Blue,245.00,https://shop/mulberry-silk-robe-86hy2,https://images.squarespace-cdn.com/content/v1/55b6320ce4b074d8cb3522bd/1590924522790-Z1U00MUBNM93IHW7S1LH/ke17ZwdGBToddI8pDm48kAJsswp0EXV6qc0SOJ8DOsUUqsxRUqqbr1mOJYKfIPR7LoDQ9mXPOjoJoqy81S2I8N_N4V1vUb5AoIIIbLZhVYxCRW4BPu10St3TBAUQYVKc_E7dXkCi7l7eF32s1E_vQW45WD95yMX6bcbEP6L1pnbQgytvpF9JKWwbDEjqe30p/Andaman+Blue+Mulberry+Silk+Robe.jpg,The Ethical Silk Company
Mulberry Silk Robe - Andaman Green,245.00,https://shop/mulberry-silk-robe-coralgrey-print-nd2yh-hgyhf-decnl-8454l-d9bww,https://images.squarespace-cdn.com/content/v1/55b6320ce4b074d8cb3522bd/1590924273535-K3P8B0XLZ8MW8QRR4JNG/ke17ZwdGBToddI8pDm48kJZk3US9UW0gG5EKjAIjp9N7gQa3H78H3Y0txjaiv_0fDoOvxcdMmMKkDsyUqMSsMWxHk725yiiHCCLfrh8O1z5QHyNOqBUUEtDDsRWrJLTmihaE5rlzFBImxTetd_yW5VZHF2hLgAzE2F_n2mv2ti29-Kry3VjNvS8ufsovTnyD/Andaman+Green+Mulberry+Silk+Robe.jpg,The Ethical Silk Company
Oxford Pillowcase ,70.00,https://shop/oxford-pillowcase,https://images.squarespace-cdn.com/content/v1/55b6320ce4b074d8cb3522bd/1534020937770-N81DMAJC4WN5FNYHGW97/ke17ZwdGBToddI8pDm48kGDpvalPb1SqHoCn1hwN0Y57gQa3H78H3Y0txjaiv_0fDoOvxcdMmMKkDsyUqMSsMWxHk725yiiHCCLfrh8O1z5QHyNOqBUUEtDDsRWrJLTmQPoRzxSr1hzN-vPBHt7YyLLXgctAyUJRqJUUGWVDK_ZzIgvsybGcZEPqUYiXY8im/mulberry-silk-pillowcase-for-skin-and-hair-oxford.jpg,The Ethical Silk Company
Mulberry Silk Camisole & Shorts Set - Andaman Green,150.00,https://shop/mulberry-silk-camisole-shorts-set-ivory-natural-7dlfh-sbgj9,https://images.squarespace-cdn.com/content/v1/55b6320ce4b074d8cb3522bd/1590696688700-7W5W9TEKIE3JY7N3QFLJ/ke17ZwdGBToddI8pDm48kP16ogcTid0p-kvkqb7nKIZ7gQa3H78H3Y0txjaiv_0fDoOvxcdMmMKkDsyUqMSsMWxHk725yiiHCCLfrh8O1z5QHyNOqBUUEtDDsRWrJLTm1v6GcKqh6mrhfxzW2tqo72hb3H_KwkybgU6L4QGKmCKwGQDwCHwnBzUpCCMDy3_j/Andaman+Green+Mulberry+Silk+Camisole+Set.jpg,The Ethical Silk Company
Mulberry Silk Shorties Pajamas - Andaman Blue,200.00,https://shop/mulberry-silk-shorties-pyjamas-kochi-blue-jwbh8-dy488,https://images.squarespace-cdn.com/content/v1/55b6320ce4b074d8cb3522bd/1590696330179-WGX2DSCO0L66D5B7WG8V/ke17ZwdGBToddI8pDm48kNu93_l1Rc0JoXikXAEKHf17gQa3H78H3Y0txjaiv_0fDoOvxcdMmMKkDsyUqMSsMWxHk725yiiHCCLfrh8O1z5QHyNOqBUUEtDDsRWrJLTmDJyaVitQ06bkWUY0OMxkmN-bdz7wg8la12Me-ub45vBE5029s6uMXtkNCzVgxK8m/Andaman+Blue+Mulberry+Silk+Shorties.jpg,The Ethical Silk Company
Mulberry Silk Eye Mask - Andaman Blue,35.00,https://shop/mulberry-silk-eye-mask-pinkgrey-2wxek-whd9y-n5cbp,https://images.squarespace-cdn.com/content/v1/55b6320ce4b074d8cb3522bd/1590924645543-6P6KSA4WORKQV039GMMR/ke17ZwdGBToddI8pDm48kNu93_l1Rc0JoXikXAEKHf17gQa3H78H3Y0txjaiv_0fDoOvxcdMmMKkDsyUqMSsMWxHk725yiiHCCLfrh8O1z5QHyNOqBUUEtDDsRWrJLTmDJyaVitQ06bkWUY0OMxkmN-bdz7wg8la12Me-ub45vBE5029s6uMXtkNCzVgxK8m/Andaman+Blue+Mulberry+Silk+Eye+Mask.jpg,The Ethical Silk Company
Mulberry Silk Shorties Pajamas - Andaman Green,200.00,https://shop/mulberry-silk-shorties-pyjamas-kochi-blue-jwbh8-fxews,https://images.squarespace-cdn.com/content/v1/55b6320ce4b074d8cb3522bd/1590696921167-LMLL3GIN1INB52Z48AZ2/ke17ZwdGBToddI8pDm48kG87Sfbgg29A4BYEDq3OXvgUqsxRUqqbr1mOJYKfIPR7LoDQ9mXPOjoJoqy81S2I8N_N4V1vUb5AoIIIbLZhVYxCRW4BPu10St3TBAUQYVKcf4OxbJOyh_wHUnyc4kQLQ6SBshRGOku7c30Y_IRDNPta8R2IY5BHMaEj1zOWoDTZ/Andaman+Green+Mulberry+Silk+Shorties.jpg,The Ethical Silk Company
Mulberry Silk Camisole & Shorts Set - Andaman Blue,150.00,https://shop/mulberry-silk-camisole-shorts-set-ivory-natural-7dlfh-wpkjj,https://images.squarespace-cdn.com/content/v1/55b6320ce4b074d8cb3522bd/1590663906501-91612PGXK01BHQIFTQF0/ke17ZwdGBToddI8pDm48kFd-ruwQHNhc1OcMLW-vtUoUqsxRUqqbr1mOJYKfIPR7LoDQ9mXPOjoJoqy81S2I8N_N4V1vUb5AoIIIbLZhVYxCRW4BPu10St3TBAUQYVKcw-2_Iqi5bTh8ViLJAgH_eWwGfAEPICZTOvYocxH7Vthbxk1VFEE9T1P9s3TEk2UX/Andaman%2BBlue%2BMulberry%2BSilk%2BCamisole%2BSet.jpg,The Ethical Silk Company
Mulberry Silk Eye Mask - Andaman Green,35.00,https://shop/mulberry-silk-eye-mask-pinkgrey-9ay2n,https://images.squarespace-cdn.com/content/v1/55b6320ce4b074d8cb3522bd/1590924973523-XSGI5BZZRZBW1WVQV71Z/ke17ZwdGBToddI8pDm48kGEH4uAvsiX7mLfBw0P2UdJ7gQa3H78H3Y0txjaiv_0fDoOvxcdMmMKkDsyUqMSsMWxHk725yiiHCCLfrh8O1z5QHyNOqBUUEtDDsRWrJLTmB54K-fV_fpAN1yJ8HvLEaM5ZMogXKvmUp8nnDvJP6Rio6fwjLyttpaaSgbPcHnpw/Andaman+Green+Mulberry+Silk+Eye+Mask.jpg,The Ethical Silk Company
Mulberry Silk Nightdress/Slip - Andaman Blue,120.00,https://shop/mulberry-silk-slip-natural-nkzeg,https://images.squarespace-cdn.com/content/v1/55b6320ce4b074d8cb3522bd/1590925079546-G4MDZW01CKI6V9F79Y7R/ke17ZwdGBToddI8pDm48kMB27yz6e5gkIPXv-y7Upal7gQa3H78H3Y0txjaiv_0fDoOvxcdMmMKkDsyUqMSsMWxHk725yiiHCCLfrh8O1z5QHyNOqBUUEtDDsRWrJLTmHHRMqniMJbuwH8EZRFFu5T--LXm7IMmd7jJo_I3YR9LsOsMrpNJRwKx9Eeo6Y9HL/Andaman+Blue+Mulberry+Silk+Slip.jpg,The Ethical Silk Company
Mulberry Silk Nightdress - Andaman Green,120.00,https://shop/mulberry-silk-slip-tealgrey-twlhh,https://images.squarespace-cdn.com/content/v1/55b6320ce4b074d8cb3522bd/1590925226061-ADWWSE45D4P8KOFJS4MA/ke17ZwdGBToddI8pDm48kMgiLlsu6ddns-2IIowWe7d7gQa3H78H3Y0txjaiv_0fDoOvxcdMmMKkDsyUqMSsMWxHk725yiiHCCLfrh8O1z5QHyNOqBUUEtDDsRWrJLTmdDC-KcNc9XgRiHYxHOb5FLifd4jV-31SSj0gTQlZb1KjAKAFECBb3zbtRnRtarGV/Andaman+Green+Mulberry+Silk+Slip.jpg,The Ethical Silk Company
Mulberry Silk Shorties Pajamas - Jaipur Pink,200.00,https://shop/mulberry-silk-shorties-pyjamas-kochi-blue-jwbh8-fxews-6k6wb,https://images.squarespace-cdn.com/content/v1/55b6320ce4b074d8cb3522bd/1602098400253-PLJ67EIILD7MTQEDS10Q/ke17ZwdGBToddI8pDm48kPvbw8jHFseW-Sa1UEYmkX17gQa3H78H3Y0txjaiv_0fDoOvxcdMmMKkDsyUqMSsMWxHk725yiiHCCLfrh8O1z5QHyNOqBUUEtDDsRWrJLTmFrKkuyfqIWRdt3lCufLMAby-Wt429gMSLEKBejOoZnHZWsCXlKreYspGgLnrnll1/25LR.jpg,The Ethical Silk Company
Mulberry Silk Nightdress - Kochi Pink,120.00,https://shop/mulberry-silk-slip-tealgrey-twlhh-krlr7,https://images.squarespace-cdn.com/content/v1/55b6320ce4b074d8cb3522bd/1602098707427-LKKN4OAMAWS6BGGDZE9M/ke17ZwdGBToddI8pDm48kNhtRpya8r3f8YIcnm3mQMx7gQa3H78H3Y0txjaiv_0fDoOvxcdMmMKkDsyUqMSsMWxHk725yiiHCCLfrh8O1z5QHyNOqBUUEtDDsRWrJLTm1v6GcKqh6mrhfxzW2tqo7_rvV6WU5yuixYMuAeNn07majsQbuABntXdh4gGfYu0t/31LR.jpg,The Ethical Silk Company
Mulberry Silk Camisole & Shorts Set - Jaipur Pink,150.00,https://shop/mulberry-silk-camisole-shorts-set-ivory-natural-7dlfh-sbgj9-6aprz,https://images.squarespace-cdn.com/content/v1/55b6320ce4b074d8cb3522bd/1602098472760-6XS9P73XBD5G7FNOJZM8/ke17ZwdGBToddI8pDm48kGz6jZIpdfEO6MTy7IrkswsUqsxRUqqbr1mOJYKfIPR7LoDQ9mXPOjoJoqy81S2I8N_N4V1vUb5AoIIIbLZhVYxCRW4BPu10St3TBAUQYVKcpPNvnQf7B0ab7rTEHj8DRwdlRnIo-yCosi1fCMvyDd4Jqacr99909mxopgOOrfvM/26LR.jpg,The Ethical Silk Company
Mulberry Silk Nightdress - Jaipur Pink,120.00,https://shop/mulberry-silk-slip-tealgrey-twlhh-kkr8s,https://images.squarespace-cdn.com/content/v1/55b6320ce4b074d8cb3522bd/1602098517875-WH1PFZPX6SZU57F91F8R/ke17ZwdGBToddI8pDm48kHpUtgs-4vW16Ic1pzHe_Lx7gQa3H78H3Y0txjaiv_0fDoOvxcdMmMKkDsyUqMSsMWxHk725yiiHCCLfrh8O1z5QHyNOqBUUEtDDsRWrJLTmmV5_8-bAHr7cY_ioNsJS_9hXBVJALzbImxmzAQPT2AhP6F-nVyLXBxxwIptxjeKJ/27LR.jpg,The Ethical Silk Company
Mulberry Silk Nightdress - Kochi Blue,120.00,https://shop/mulberry-silk-slip-tealgrey-twlhh-tr7ml,https://images.squarespace-cdn.com/content/v1/55b6320ce4b074d8cb3522bd/1602098594552-QJTV5IW3EB7W3K8QH6M9/ke17ZwdGBToddI8pDm48kNu93_l1Rc0JoXikXAEKHf17gQa3H78H3Y0txjaiv_0fDoOvxcdMmMKkDsyUqMSsMWxHk725yiiHCCLfrh8O1z5QHyNOqBUUEtDDsRWrJLTmDJyaVitQ06bkWUY0OMxkmN-bdz7wg8la12Me-ub45vBE5029s6uMXtkNCzVgxK8m/50LR.jpg,The Ethical Silk Company
Mulberry Silk Robe - Leh Sage,245.00,https://shop/mulberry-silk-robe-coralgrey-print-nd2yh-hgyhf-decnl-ykrmx,https://images.squarespace-cdn.com/content/v1/55b6320ce4b074d8cb3522bd/1567932066828-C1ONAQ5A1LDCB75HTXLQ/ke17ZwdGBToddI8pDm48kNu93_l1Rc0JoXikXAEKHf17gQa3H78H3Y0txjaiv_0fDoOvxcdMmMKkDsyUqMSsMWxHk725yiiHCCLfrh8O1z5QHyNOqBUUEtDDsRWrJLTmDJyaVitQ06bkWUY0OMxkmN-bdz7wg8la12Me-ub45vBE5029s6uMXtkNCzVgxK8m/Leh+Sage+Silk+Robe.jpg,The Ethical Silk Company
Mulberry Silk Robe - Leh Blush ,245.00,https://shop/mulberry-silk-robe-coralgrey-print-nd2yh-hgyhf-decnl-8454l-ld7cl,https://images.squarespace-cdn.com/content/v1/55b6320ce4b074d8cb3522bd/1567932152583-PMGI33XPR3AJ1WUVTXXG/ke17ZwdGBToddI8pDm48kG30xe5Imp5PyRRVFW0o-RB7gQa3H78H3Y0txjaiv_0fDoOvxcdMmMKkDsyUqMSsMWxHk725yiiHCCLfrh8O1z5QHyNOqBUUEtDDsRWrJLTmmzJBBHkqvGAibxByi2-xi0aMNIFoicKFj_ngDDFY1AVwyjXbkYmj6K1iOW6FlSDR/Leh+Blush+Mulberry+Silk+Robe+LR.jpg,The Ethical Silk Company
Mulberry Silk Pajamas - Leh Blush ,295.00,https://shop/mulberry-silk-pyjamas-jaipur-gold-xacmf-8xfwp-w6f4m-gyrea,https://images.squarespace-cdn.com/content/v1/55b6320ce4b074d8cb3522bd/1567931683160-Y77IJL51PS9VEZ0X8C0F/ke17ZwdGBToddI8pDm48kDqYjewiexAlruSr_sgVOal7gQa3H78H3Y0txjaiv_0fDoOvxcdMmMKkDsyUqMSsMWxHk725yiiHCCLfrh8O1z5QHyNOqBUUEtDDsRWrJLTmB54K-fV_fpAN1yJ8HvLEaMx_3_OANpv0nz1U_qNHd8zeXCzzH9qFgh8zt3nC7dpt/Leh+Blush+Mulberry+Silk+ajamas+LR.jpg,The Ethical Silk Company
Mulberry Silk Eye Mask - Leh Sage,35.00,https://shop/mulberry-silk-eye-mask-pinkgrey-h63jm-3fdw2-j7325,https://images.squarespace-cdn.com/content/v1/55b6320ce4b074d8cb3522bd/1567931815069-82GSEWDYLK1UGD3F1AH0/ke17ZwdGBToddI8pDm48kNu93_l1Rc0JoXikXAEKHf17gQa3H78H3Y0txjaiv_0fDoOvxcdMmMKkDsyUqMSsMWxHk725yiiHCCLfrh8O1z5QHyNOqBUUEtDDsRWrJLTmDJyaVitQ06bkWUY0OMxkmN-bdz7wg8la12Me-ub45vBE5029s6uMXtkNCzVgxK8m/Leh+Sage+Mulberry+Silk+Eye+Mask+LR.jpg,The Ethical Silk Company
Mulberry Silk Eye Mask - Leh Blush,35.00,https://shop/mulberry-silk-eye-mask-pinkgrey-h63jm-5h3hf,https://images.squarespace-cdn.com/content/v1/55b6320ce4b074d8cb3522bd/1567931931859-UOEC98KA8MI3PJFMCVI2/ke17ZwdGBToddI8pDm48kNu93_l1Rc0JoXikXAEKHf17gQa3H78H3Y0txjaiv_0fDoOvxcdMmMKkDsyUqMSsMWxHk725yiiHCCLfrh8O1z5QHyNOqBUUEtDDsRWrJLTmDJyaVitQ06bkWUY0OMxkmN-bdz7wg8la12Me-ub45vBE5029s6uMXtkNCzVgxK8m/Leh+Blush+Mulberry+Silk+Eye+Mask+LR.jpg,The Ethical Silk Company
Mulberry Silk Shorties Pajamas - Leh Blush ,200.00,https://shop/mulberry-silk-shorties-pyjamas-kochi-blue-htz3s-wfbhh,https://images.squarespace-cdn.com/content/v1/55b6320ce4b074d8cb3522bd/1567932299678-KJWWJBMI7XAU0JURNV7R/ke17ZwdGBToddI8pDm48kNu93_l1Rc0JoXikXAEKHf17gQa3H78H3Y0txjaiv_0fDoOvxcdMmMKkDsyUqMSsMWxHk725yiiHCCLfrh8O1z5QHyNOqBUUEtDDsRWrJLTmDJyaVitQ06bkWUY0OMxkmN-bdz7wg8la12Me-ub45vBE5029s6uMXtkNCzVgxK8m/Leh+Blush+Mulberry+Silk+Pyjamas+Shorties.jpg,The Ethical Silk Company
Mulberry Silk Pajamas - Kochi Blue,295.00,https://shop/mulberry-silk-pyjamas-jaipur-gold-xacmf-8xfwp,https://images.squarespace-cdn.com/content/v1/55b6320ce4b074d8cb3522bd/1555193531238-GOG75KXXF1GH7EJZLX6U/ke17ZwdGBToddI8pDm48kAUSQcTiiMuobyHJN6L2k8t7gQa3H78H3Y0txjaiv_0fDoOvxcdMmMKkDsyUqMSsMWxHk725yiiHCCLfrh8O1z5QHyNOqBUUEtDDsRWrJLTmru5j-AQBePNiDV9hZLaF5AfUBJmhbyGdhMKNrSmKcUpz-PjMvbRhpDf1a5oAW2fn/Kochi+Blue+Mulberry+Silk+Pyjamas+LR.jpg,The Ethical Silk Company
Mulberry Silk Camisole & Shorts Set - Kochi Pink,150.00,https://shop/mulberry-silk-camisole-shorts-set-ivory-natural-7dlfh-wkcwd,https://images.squarespace-cdn.com/content/v1/55b6320ce4b074d8cb3522bd/1555194374190-U49672O95573IN6QIDU4/ke17ZwdGBToddI8pDm48kNu93_l1Rc0JoXikXAEKHf17gQa3H78H3Y0txjaiv_0fDoOvxcdMmMKkDsyUqMSsMWxHk725yiiHCCLfrh8O1z5QHyNOqBUUEtDDsRWrJLTmDJyaVitQ06bkWUY0OMxkmN-bdz7wg8la12Me-ub45vBE5029s6uMXtkNCzVgxK8m/Kochi+Pink+Mulberry+Silk+Camisole+Set.jpg,The Ethical Silk Company
Mulberry Silk Eye Mask - Kochi Blue,35.00,https://shop/mulberry-silk-eye-mask-pinkgrey-h63jm-3fdw2,https://images.squarespace-cdn.com/content/v1/55b6320ce4b074d8cb3522bd/1555194121389-RLQ8Z3CBUQLSK4TNN0PO/ke17ZwdGBToddI8pDm48kNu93_l1Rc0JoXikXAEKHf17gQa3H78H3Y0txjaiv_0fDoOvxcdMmMKkDsyUqMSsMWxHk725yiiHCCLfrh8O1z5QHyNOqBUUEtDDsRWrJLTmDJyaVitQ06bkWUY0OMxkmN-bdz7wg8la12Me-ub45vBE5029s6uMXtkNCzVgxK8m/Kochi+Blue+Mulberry+Silk+Eye+Mask+LR.jpg,The Ethical Silk Company
Mulberry Silk Pajamas - Kochi Pink,295.00,https://shop/mulberry-silk-pyjamas-jaipur-gold-xacmf-8xfwp-w6f4m,https://images.squarespace-cdn.com/content/v1/55b6320ce4b074d8cb3522bd/1557331733720-U6QA6D56FDW2EHHTSDRC/ke17ZwdGBToddI8pDm48kA9YgLiFffeCmAXuwbkItnQUqsxRUqqbr1mOJYKfIPR7LoDQ9mXPOjoJoqy81S2I8PaoYXhp6HxIwZIk7-Mi3Tsic-L2IOPH3Dwrhl-Ne3Z2V10MLceaLt3PE9CszHncSYGLL7vEAWF4LAL2maLygBgm_AaHWq01a8yFgqe9oqFs/Kochi%2BPink%2BMulberry%2BSilk%2BPjs%2BLR.jpg,The Ethical Silk Company
Mulberry Silk Robe - Kochi Blue,245.00,https://shop/mulberry-silk-robe-coralgrey-print-nd2yh-hgyhf-decnl,https://images.squarespace-cdn.com/content/v1/55b6320ce4b074d8cb3522bd/1555193747071-3OTZLK6O53ZPDKAQQQY0/ke17ZwdGBToddI8pDm48kNLHEPbzk_5mjEhm2xCx8Kd7gQa3H78H3Y0txjaiv_0fDoOvxcdMmMKkDsyUqMSsMWxHk725yiiHCCLfrh8O1z5QHyNOqBUUEtDDsRWrJLTmb-fA82zaRhWGg5BmJUXFJre0RLb_7ew_ZausfPRnRFPQNcpEk-ihmA_N8Xm_Y_Ot/Kochi+Blue+Mulberry+Silk+Robe+LR.jpg,The Ethical Silk Company
Mulberry Silk Camisole & Shorts Set - Kochi Blue,150.00,https://shop/mulberry-silk-camisole-shorts-set-ivory-natural-7dlfh,https://images.squarespace-cdn.com/content/v1/55b6320ce4b074d8cb3522bd/1555194192334-QHBVL5S3I7WR2Q4I2EAV/ke17ZwdGBToddI8pDm48kK6uB2W1gFwMevvCouGxzeR7gQa3H78H3Y0txjaiv_0fDoOvxcdMmMKkDsyUqMSsMWxHk725yiiHCCLfrh8O1z5QHyNOqBUUEtDDsRWrJLTmmzJBBHkqvGAibxByi2-xiwxOPyOXGvjhDrgZIfFjaS5JyMCdlITShGsTGBVoosos/Kochi+Blue+Mulberry+silk+Camisole+Set+LR.jpg,The Ethical Silk Company
Mulberry Silk Shorties Pajamas - Kochi Pink,200.00,https://shop/mulberry-silk-shorties-pyjamas-kochi-blue-htz3s,https://images.squarespace-cdn.com/content/v1/55b6320ce4b074d8cb3522bd/1557332009228-9E96PAXL47I9MZ6CSZ7Y/ke17ZwdGBToddI8pDm48kNu93_l1Rc0JoXikXAEKHf17gQa3H78H3Y0txjaiv_0fDoOvxcdMmMKkDsyUqMSsMWxHk725yiiHCCLfrh8O1z5QHyNOqBUUEtDDsRWrJLTmDJyaVitQ06bkWUY0OMxkmN-bdz7wg8la12Me-ub45vBE5029s6uMXtkNCzVgxK8m/Kochi+Pink+Mulberry+Silk+Pyjamas+Shorties+LR.jpg,The Ethical Silk Company
Mulberry Silk Shorties Pajamas - Kochi Blue,200.00,https://shop/mulberry-silk-shorties-pyjamas-kochi-blue,https://images.squarespace-cdn.com/content/v1/55b6320ce4b074d8cb3522bd/1557331632289-M2V1B802LZNP1S12B750/ke17ZwdGBToddI8pDm48kNu93_l1Rc0JoXikXAEKHf17gQa3H78H3Y0txjaiv_0fDoOvxcdMmMKkDsyUqMSsMWxHk725yiiHCCLfrh8O1z5QHyNOqBUUEtDDsRWrJLTmDJyaVitQ06bkWUY0OMxkmN-bdz7wg8la12Me-ub45vBE5029s6uMXtkNCzVgxK8m/Kochi+Blue+Mulberry+Silk+Pyjamas+Shorties+LR.jpg,The Ethical Silk Company
Mulberry Silk Robe - Kochi Pink,245.00,https://shop/mulberry-silk-robe-coralgrey-print-nd2yh-hgyhf-decnl-8454l,https://images.squarespace-cdn.com/content/v1/55b6320ce4b074d8cb3522bd/1555193910005-MDTAUSLFRLG152IPKV58/ke17ZwdGBToddI8pDm48kNu93_l1Rc0JoXikXAEKHf17gQa3H78H3Y0txjaiv_0fDoOvxcdMmMKkDsyUqMSsMWxHk725yiiHCCLfrh8O1z5QHyNOqBUUEtDDsRWrJLTmDJyaVitQ06bkWUY0OMxkmN-bdz7wg8la12Me-ub45vBE5029s6uMXtkNCzVgxK8m/Kochi+Pink+Mulberry+Silk+Robe+LR.jpg,The Ethical Silk Company
Mulberry Silk Eye Mask - Kochi Pink,35.00,https://shop/mulberry-silk-eye-mask-pinkgrey-h63jm,https://images.squarespace-cdn.com/content/v1/55b6320ce4b074d8cb3522bd/1555194005272-GX9BSFLDL5YDVW1M78HX/ke17ZwdGBToddI8pDm48kJqo6CO5DGrFgq-gXci3Oc97gQa3H78H3Y0txjaiv_0fDoOvxcdMmMKkDsyUqMSsMWxHk725yiiHCCLfrh8O1z5QHyNOqBUUEtDDsRWrJLTmnm4Ek6c6YJYE3gl9iwgPJLGXRSL3qpvusqLmq3-5lNvvYYLXZv1Op-Yxch2_sWbs/Kochi+Pink+Mulberry+Silk+Eye+Mask+LR.jpg,The Ethical Silk Company
Mulberry Silk Wrap - Ivory (Natural),85.00,https://shop/mulberry-silk-wrap-ivory-natural,https://images.squarespace-cdn.com/content/v1/55b6320ce4b074d8cb3522bd/1568801176706-HGI1TSMT4B4GULUD8D9Q/ke17ZwdGBToddI8pDm48kG87Sfbgg29A4BYEDq3OXvgUqsxRUqqbr1mOJYKfIPR7LoDQ9mXPOjoJoqy81S2I8N_N4V1vUb5AoIIIbLZhVYxCRW4BPu10St3TBAUQYVKcf4OxbJOyh_wHUnyc4kQLQ6SBshRGOku7c30Y_IRDNPta8R2IY5BHMaEj1zOWoDTZ/Mulberry+Silk+Wrap+Ivory+LR.jpg,The Ethical Silk Company
Mulberry Silk Eye Mask - Pink/Grey,35.00,https://shop/mulberry-silk-eye-mask-pinkgrey,https://images.squarespace-cdn.com/content/v1/55b6320ce4b074d8cb3522bd/1534020363563-55F68U14ELYUOI21NZGK/ke17ZwdGBToddI8pDm48kCiC6x0kNpxliGpzQTkOLNUUqsxRUqqbr1mOJYKfIPR7LoDQ9mXPOjoJoqy81S2I8PaoYXhp6HxIwZIk7-Mi3Tsic-L2IOPH3Dwrhl-Ne3Z2ppk8fIk4OUdzzAJ58dNz9ksAnbOUWC6fgQEHg0Bz14hkOpdljO7Z-5qh0zg85Jnj/pink%3Agrey-mulberry-silk-eye-mask-for-sleep.jpg,The Ethical Silk Company
Mulberry Silk Pajamas - Varanasi Navy,295.00,https://shop/mulberry-silk-pyjamas-jaipur-gold-n7dsx-2ws6k,https://images.squarespace-cdn.com/content/v1/55b6320ce4b074d8cb3522bd/1535749689202-II2ORFHMUU8X3930EALI/ke17ZwdGBToddI8pDm48kD7A2EgCigWjjZSm2O7kM5cUqsxRUqqbr1mOJYKfIPR7LoDQ9mXPOjoJoqy81S2I8PaoYXhp6HxIwZIk7-Mi3Tsic-L2IOPH3Dwrhl-Ne3Z2wXsnd6L9ZbjfXyI9LwlEtjUp9EBE2Cqdg9cOS0Nb1f1kOpdljO7Z-5qh0zg85Jnj/varanasi-navy-silk-pjs.jpg,The Ethical Silk Company
Mulberry Silk Pajamas - Varanasi Blue,295.00,https://shop/mulberry-silk-pyjamas-jaipur-gold-xacmf,https://images.squarespace-cdn.com/content/v1/55b6320ce4b074d8cb3522bd/1535749363799-G1HRCKOWG0X4HSO2LJDA/ke17ZwdGBToddI8pDm48kIeZh1FeOMVF2JXIzgGa8x5Zw-zPPgdn4jUwVcJE1ZvWQUxwkmyExglNqGp0IvTJZUJFbgE-7XRK3dMEBRBhUpywO_rJqxklusn2SZjK8CZ8PL4E2KL-Jv8ykSGP0yx3UWwYrjkd63vqFwrtMqeQoOE/handprinted-mulberry-silk-pyjamas.jpg,The Ethical Silk Company
Mulberry Silk Robe - Varanasi Navy ,245.00,https://shop/mulberry-silk-robe-coralgrey-print-xg63a-7ln5g,https://images.squarespace-cdn.com/content/v1/55b6320ce4b074d8cb3522bd/1535750333912-LS6YV2CL49S3FQKSG1V5/ke17ZwdGBToddI8pDm48kAYRKhxIksw2AkN0vZzvQbwUqsxRUqqbr1mOJYKfIPR7LoDQ9mXPOjoJoqy81S2I8PaoYXhp6HxIwZIk7-Mi3Tsic-L2IOPH3Dwrhl-Ne3Z2_QwnraAc_H7Iohh9il9tIZ2qOroKPLCev09BQ_nE7AttJ7FN3X5-sPvnbvPhIz1B/varanasi-navy-silk-robe.jpg,The Ethical Silk Company
Mulberry Silk Eye Mask - Coral/Grey,35.00,https://shop/mulberry-silk-eyemask-coralgrey-print,https://images.squarespace-cdn.com/content/v1/55b6320ce4b074d8cb3522bd/1534020692952-KRLSTMAUBLMC49Y327DY/ke17ZwdGBToddI8pDm48kCiC6x0kNpxliGpzQTkOLNUUqsxRUqqbr1mOJYKfIPR7LoDQ9mXPOjoJoqy81S2I8PaoYXhp6HxIwZIk7-Mi3Tsic-L2IOPH3Dwrhl-Ne3Z2ppk8fIk4OUdzzAJ58dNz9ksAnbOUWC6fgQEHg0Bz14hkOpdljO7Z-5qh0zg85Jnj/coral-mulberry-silk-eye-mask.jpg,The Ethical Silk Company
Mulberry Silk Robe - Varanasi Blue,245.00,https://shop/mulberry-silk-robe-coralgrey-print-nd2yh-hgyhf,https://images.squarespace-cdn.com/content/v1/55b6320ce4b074d8cb3522bd/1535749993420-PG23QQ1BG9Z220WW0AB3/ke17ZwdGBToddI8pDm48kIpS5DwFod8iuU2kzNJHUwEUqsxRUqqbr1mOJYKfIPR7LoDQ9mXPOjoJoqy81S2I8PaoYXhp6HxIwZIk7-Mi3Tsic-L2IOPH3Dwrhl-Ne3Z2OBFoxzNVOZI4qzc71ghGbt3OHMpRxvPs6IXctwhq0wtbTvJybZOtvbWRiFosmN10/varanasi-blue-mulberry-silk-robe.jpg,The Ethical Silk Company
Mulberry Silk Eye Mask - Varanasi Navy,35.00,https://shop/mulberry-silk-eye-mask-pinkgrey-zwhnh-5c3br,https://images.squarespace-cdn.com/content/v1/55b6320ce4b074d8cb3522bd/1535751128568-PR2CCDG1DQG23KXIYK39/ke17ZwdGBToddI8pDm48kK3083I6XwmFcHMeneqq_2YUqsxRUqqbr1mOJYKfIPR7LoDQ9mXPOjoJoqy81S2I8PaoYXhp6HxIwZIk7-Mi3Tsic-L2IOPH3Dwrhl-Ne3Z2FU3Ewo4WIsrZ0b_s_o4h5As8rmUAg_fOY_SHfeVENZ8m_AaHWq01a8yFgqe9oqFs/varanasi-night-mulberry-silk-eye-mask-web-res.jpg,The Ethical Silk Company
Mulberry Silk Pajamas - Jaipur Gold,295.00,https://shop/mulberry-silk-pyjamas-jaipur-gold,https://images.squarespace-cdn.com/content/v1/55b6320ce4b074d8cb3522bd/1534017619358-2219GF0R804NRYW997WJ/ke17ZwdGBToddI8pDm48kEbxG2L4zxO5vd-GjXASYuZ7gQa3H78H3Y0txjaiv_0fDoOvxcdMmMKkDsyUqMSsMWxHk725yiiHCCLfrh8O1z5QPOohDIaIeljMHgDF5CVlOqpeNLcJ80NK65_fV7S1UUNipBbemy3PC2KfkxN1IcFBy5eeFPjYJoSm0LngAMViDCeKV-BrhqRjQnW1nxj9pA/jaipur-gold-mulberry-silk-pyjamas.jpg,The Ethical Silk Company
Mulberry Silk Eye Mask - Blue/Grey,35.00,https://shop/mulberry-silk-eye-mask-bluegrey,https://images.squarespace-cdn.com/content/v1/55b6320ce4b074d8cb3522bd/1534020646987-SNW1ONFTGMOZ99Q77KCA/ke17ZwdGBToddI8pDm48kCiC6x0kNpxliGpzQTkOLNUUqsxRUqqbr1mOJYKfIPR7LoDQ9mXPOjoJoqy81S2I8PaoYXhp6HxIwZIk7-Mi3Tsic-L2IOPH3Dwrhl-Ne3Z2ppk8fIk4OUdzzAJ58dNz9ksAnbOUWC6fgQEHg0Bz14hkOpdljO7Z-5qh0zg85Jnj/blue%3Agrey-mulberry-silk-eye-mask.jpg,The Ethical Silk Company
Mulberry Silk Pyjamas - Jaipur Pink,295.00,https://shop/mulberry-silk-pyjamas-jaipur-gold-n7dsx,https://images.squarespace-cdn.com/content/v1/55b6320ce4b074d8cb3522bd/1534017704690-OW3W6EXRYRH82LI85HNG/ke17ZwdGBToddI8pDm48kFY8TlkGrKrpkg4aV9Ihi64UqsxRUqqbr1mOJYKfIPR7LoDQ9mXPOjoJoqy81S2I8PaoYXhp6HxIwZIk7-Mi3Tsic-L2IOPH3Dwrhl-Ne3Z2ttuMkQ3e7euoE8xheEO6X9kvBgfL0_cvt8OVPtmyXIWbhuOb0MAcXaQ6whlEkpec/jaipur-pink-mulberry-silk-pajamas.jpg,The Ethical Silk Company
Mulberry Silk Robe - Jaipur Pink,245.00,https://shop/mulberry-silk-robe-coralgrey-print-nd2yh,https://images.squarespace-cdn.com/content/v1/55b6320ce4b074d8cb3522bd/1534017799566-571MV6CZB8UD4A39SKIB/ke17ZwdGBToddI8pDm48kEluwVq-KRFtMxXnfrF8bp4UqsxRUqqbr1mOJYKfIPR7LoDQ9mXPOjoJoqy81S2I8PaoYXhp6HxIwZIk7-Mi3Tsic-L2IOPH3Dwrhl-Ne3Z2TZKV5Gp1kwTTWTjks1FI4D0jXbkfzaFEb1cyZs1zVXltJ7FN3X5-sPvnbvPhIz1B/jaipur-pink-mulberry-silk-robe-front-web-res.jpg,The Ethical Silk Company
Mulberry Silk Robe - Jaipur Gold ,245.00,https://shop/mulberry-silk-robe-coralgrey-print-xg63a,https://images.squarespace-cdn.com/content/v1/55b6320ce4b074d8cb3522bd/1534017956548-IYPJ2IJFLFZV25RWQQKB/ke17ZwdGBToddI8pDm48kCiC6x0kNpxliGpzQTkOLNUUqsxRUqqbr1mOJYKfIPR7LoDQ9mXPOjoJoqy81S2I8PaoYXhp6HxIwZIk7-Mi3Tsic-L2IOPH3Dwrhl-Ne3Z2ppk8fIk4OUdzzAJ58dNz9ksAnbOUWC6fgQEHg0Bz14hkOpdljO7Z-5qh0zg85Jnj/jaipur-gold-mulberry-silk-robe-side.jpg,The Ethical Silk Company
Mulberry Silk Eye Mask - Jaipur Pink,35.00,https://shop/mulberry-silk-eye-mask-pinkgrey-zwhnh,https://images.squarespace-cdn.com/content/v1/55b6320ce4b074d8cb3522bd/1534018052382-XSYWZ8CM7SCM6Y70AI3R/ke17ZwdGBToddI8pDm48kOJZLRax6SeojSjLQRmoknh7gQa3H78H3Y0txjaiv_0fDoOvxcdMmMKkDsyUqMSsMWxHk725yiiHCCLfrh8O1z5QPOohDIaIeljMHgDF5CVlOqpeNLcJ80NK65_fV7S1UaJMWyFM7gxZ8WvknuKtCvl8EMCLObE_MEXuvmBetpmBVmVLiYjmewV_oY-ObSVVNA/jaipur-pink-mulberry-silk-eye-mask.jpg,The Ethical Silk Company
Mulberry Silk Robe - Ivory (Natural),245.00,https://shop/mulberry-silk-robe,https://images.squarespace-cdn.com/content/v1/55b6320ce4b074d8cb3522bd/1534018146180-K4168H5JQTN125K1ZT85/ke17ZwdGBToddI8pDm48kEL5Uxcd8GequM9sW72KS3IUqsxRUqqbr1mOJYKfIPR7LoDQ9mXPOjoJoqy81S2I8PaoYXhp6HxIwZIk7-Mi3Tsic-L2IOPH3Dwrhl-Ne3Z2wpVu3_8AmaKNg1RGakXxsypBWodyCyrLQ36dj8c2EgM_twk1mUNduAk0T15_nZ7z/natural-ivory-mulberry-silk-robe.jpg,The Ethical Silk Company
Mulberry Silk Robe - Coral/Grey ,245.00,https://shop/mulberry-silk-robe-coralgrey-print,https://images.squarespace-cdn.com/content/v1/55b6320ce4b074d8cb3522bd/1534018092409-JH0WKV0EDWQVX311DNEE/ke17ZwdGBToddI8pDm48kCiC6x0kNpxliGpzQTkOLNUUqsxRUqqbr1mOJYKfIPR7LoDQ9mXPOjoJoqy81S2I8PaoYXhp6HxIwZIk7-Mi3Tsic-L2IOPH3Dwrhl-Ne3Z2ppk8fIk4OUdzzAJ58dNz9ksAnbOUWC6fgQEHg0Bz14hkOpdljO7Z-5qh0zg85Jnj/coral-mulberry-silk-robe.jpg,The Ethical Silk Company
Mulberry Silk Lounge Pants - Ivory (Natural),150.00,https://shop/mulberry-silk-lounge-pants-ivory-natural,https://images.squarespace-cdn.com/content/v1/55b6320ce4b074d8cb3522bd/1534018345724-CHRQ3AAHDHN8RWU7BZEP/ke17ZwdGBToddI8pDm48kEc6iHnun7JK8AwfRVV7KJwUqsxRUqqbr1mOJYKfIPR7LoDQ9mXPOjoJoqy81S2I8PaoYXhp6HxIwZIk7-Mi3Tsic-L2IOPH3Dwrhl-Ne3Z2HUWXfox6eumreR2NOk3b90g5ptJ9hyJxPt1zq_wFif1kOpdljO7Z-5qh0zg85Jnj/teal-silk-top-and-ivory-silk-palazzo-pants.jpg,The Ethical Silk Company
Mulberry Silk Lounge Pants - Coral/Grey ,150.00,https://shop/mulberry-silk-lounge-pants-coralgrey-print,https://images.squarespace-cdn.com/content/v1/55b6320ce4b074d8cb3522bd/1534018606381-J3O3WZDHR7PIWKZM8B05/ke17ZwdGBToddI8pDm48kN2bbXB9QWj0Grg71_XN2O8UqsxRUqqbr1mOJYKfIPR7LoDQ9mXPOjoJoqy81S2I8PaoYXhp6HxIwZIk7-Mi3Tsic-L2IOPH3Dwrhl-Ne3Z2o2PjPl9uuENh31ryB5Q3ovh_bxuhTM3r1VI0iukNwT7vOzbI-NzUQK-lrlmb-Qyr/coral-mulberry-silk-top-and-palazzo-pants.jpg,The Ethical Silk Company
Mulberry Silk Lounge Pants - Teal/Grey ,150.00,https://shop/mulberry-silk-lounge-pants-tealgrey-print,https://images.squarespace-cdn.com/content/v1/55b6320ce4b074d8cb3522bd/1534018495838-PGE5FWMSB31E3L9KCLBF/ke17ZwdGBToddI8pDm48kCiC6x0kNpxliGpzQTkOLNUUqsxRUqqbr1mOJYKfIPR7LoDQ9mXPOjoJoqy81S2I8PaoYXhp6HxIwZIk7-Mi3Tsic-L2IOPH3Dwrhl-Ne3Z2ppk8fIk4OUdzzAJ58dNz9ksAnbOUWC6fgQEHg0Bz14hkOpdljO7Z-5qh0zg85Jnj/teal-mulberry-silk-palazzo-pants.jpg,The Ethical Silk Company
Mulberry Silk Sleeved Top - Natural Ivory,100.00,https://shop/mulberry-silk-sleeved-top-natural-ivory,https://images.squarespace-cdn.com/content/v1/55b6320ce4b074d8cb3522bd/1534018848440-TJPWRAAK139XM6PP2KXW/ke17ZwdGBToddI8pDm48kCiC6x0kNpxliGpzQTkOLNUUqsxRUqqbr1mOJYKfIPR7LoDQ9mXPOjoJoqy81S2I8PaoYXhp6HxIwZIk7-Mi3Tsic-L2IOPH3Dwrhl-Ne3Z2ppk8fIk4OUdzzAJ58dNz9ksAnbOUWC6fgQEHg0Bz14hkOpdljO7Z-5qh0zg85Jnj/natural-ivory-silk-top.jpg,The Ethical Silk Company
Mulberry Silk Sleeved Top - Lunar Grey,100.00,https://shop/mulberry-silk-sleeved-top-lunar-grey,https://images.squarespace-cdn.com/content/v1/55b6320ce4b074d8cb3522bd/1534018884747-17GEVNPQLFXG5PPXJ5KG/ke17ZwdGBToddI8pDm48kCiC6x0kNpxliGpzQTkOLNUUqsxRUqqbr1mOJYKfIPR7LoDQ9mXPOjoJoqy81S2I8PaoYXhp6HxIwZIk7-Mi3Tsic-L2IOPH3Dwrhl-Ne3Z2ppk8fIk4OUdzzAJ58dNz9ksAnbOUWC6fgQEHg0Bz14hkOpdljO7Z-5qh0zg85Jnj/lunar-grey-mulberry-silk-sleeved-top.jpg,The Ethical Silk Company
Mulberry Silk Sleeved Top - Coral/Grey,100.00,https://shop/mulberry-silk-sleeved-top-coralgrey-print,https://images.squarespace-cdn.com/content/v1/55b6320ce4b074d8cb3522bd/1534019167872-Y946F826SLIOPVSDFX0G/ke17ZwdGBToddI8pDm48kP53huSC4FDtw9we7oIRncYUqsxRUqqbr1mOJYKfIPR7LoDQ9mXPOjoJoqy81S2I8PaoYXhp6HxIwZIk7-Mi3Tsic-L2IOPH3Dwrhl-Ne3Z2m5tGNbBYgo9HT10d626CRv5Bpi6Nl4z0cvflPgkMS2UfdurHDt8XjyaGurlSWvQe/coral-mulberry-silk-top-and-ivory-trousers-web-res.jpg,The Ethical Silk Company
Mulberry Silk Sleeved Top - Teal/Grey,100.00,https://shop/mulberry-silk-sleeved-top-tealgrey-print,https://images.squarespace-cdn.com/content/v1/55b6320ce4b074d8cb3522bd/1534019267557-2E0Y5AZQUYO60GWCURJE/ke17ZwdGBToddI8pDm48kFeBocZX8bt190ePRTMBU45Zw-zPPgdn4jUwVcJE1ZvWQUxwkmyExglNqGp0IvTJZamWLI2zvYWH8K3-s_4yszcp2ryTI0HqTOaaUohrI8PI6p3ilvuXT7pkfp6OLnqrOiTQmwEUXjCjyStth0isbT0KMshLAGzx4R3EDFOm1kBS/sustainably-made-mulberry-silk-loungewear.jpg,The Ethical Silk Company
Mulberry Silk Camisole & Shorts Set - Ivory (Natural),150.00,https://shop/mulberry-silk-camisole-shorts-set-ivory-natural,https://images.squarespace-cdn.com/content/v1/55b6320ce4b074d8cb3522bd/1534019421320-3QA4U4Q92C19562HN4DQ/ke17ZwdGBToddI8pDm48kOuqebHMRkWyHA8xipBKMsEUqsxRUqqbr1mOJYKfIPR7LoDQ9mXPOjoJoqy81S2I8PaoYXhp6HxIwZIk7-Mi3Tsic-L2IOPH3Dwrhl-Ne3Z2LKcEpm5mEBnXWLZU1Yp17moxDu2R7k69-vOjOymO8_Qm_AaHWq01a8yFgqe9oqFs/natural-ivory-mulberry-silk-camisole-set.jpg,The Ethical Silk Company
Mulberry Silk Camisole & Shorts Set - Coral/Grey ,150.00,https://shop/mulberry-silk-camisole-shorts-set-coralgrey-print,https://images.squarespace-cdn.com/content/v1/55b6320ce4b074d8cb3522bd/1534019632184-EXMBJQI009ODQXNWKXE1/ke17ZwdGBToddI8pDm48kCiC6x0kNpxliGpzQTkOLNUUqsxRUqqbr1mOJYKfIPR7LoDQ9mXPOjoJoqy81S2I8PaoYXhp6HxIwZIk7-Mi3Tsic-L2IOPH3Dwrhl-Ne3Z2ppk8fIk4OUdzzAJ58dNz9ksAnbOUWC6fgQEHg0Bz14hkOpdljO7Z-5qh0zg85Jnj/coral-mulberry-silk-camisole-set-front-web-res.jpg,The Ethical Silk Company
Mulberry Silk Camisole & Shorts Set - Teal/Grey ,150.00,https://shop/mulberry-silk-camisole-shorts-set-tealgrey-print,https://images.squarespace-cdn.com/content/v1/55b6320ce4b074d8cb3522bd/1534019496843-OW4DE0OXRQS8S4PXY73R/ke17ZwdGBToddI8pDm48kGsJteghL15ZffelW2jN3kQUqsxRUqqbr1mOJYKfIPR7LoDQ9mXPOjoJoqy81S2I8PaoYXhp6HxIwZIk7-Mi3Tsic-L2IOPH3Dwrhl-Ne3Z2-ZG4AnjVdzXhiqPm-vO6O65wpGINxIHs5kNmUencjz6btxPRH917Fz9Qv_NunPol/mulberry-silk-block-printed-camisole-set-web-res.jpg,The Ethical Silk Company
Mulberry Silk Top - Lunar Grey,75.00,https://shop/mulberry-silk-top,https://images.squarespace-cdn.com/content/v1/55b6320ce4b074d8cb3522bd/1534019767086-5P95I7QIV8W9T0CDS98C/ke17ZwdGBToddI8pDm48kEO5WC_4upDMKHhVjrBK1IRZw-zPPgdn4jUwVcJE1ZvWQUxwkmyExglNqGp0IvTJZamWLI2zvYWH8K3-s_4yszcp2ryTI0HqTOaaUohrI8PIMCI-s1W0lFHIT8llCJF2QEheAPe7TCJ14-2whB0k6ioKMshLAGzx4R3EDFOm1kBS/grey-silk-top-and-coral-silk-palazzo-pants.jpg,The Ethical Silk Company
Mulberry Silk Top - Teal/Grey ,75.00,https://shop/mulberry-silk-top-tealgrey,https://images.squarespace-cdn.com/content/v1/55b6320ce4b074d8cb3522bd/1534019876960-E1YRLX1VHG9BM67D9PO0/ke17ZwdGBToddI8pDm48kFrDFL1jHRnACkzP1Wrwax4UqsxRUqqbr1mOJYKfIPR7LoDQ9mXPOjoJoqy81S2I8PaoYXhp6HxIwZIk7-Mi3Tsic-L2IOPH3Dwrhl-Ne3Z2GiEXxYO3IEqvAb59iouobT5k9yUVjMXdDDThavT2kgMxb27qhdBlCJwccbVYQTp-/teal-silk-top-and-palazzo-pants.jpg,The Ethical Silk Company
Mulberry Silk Top - Ivory,75.00,https://shop/mulberry-silk-top-ivory,https://images.squarespace-cdn.com/content/v1/55b6320ce4b074d8cb3522bd/1534020013331-HPZ7C6ZVE9SSLI18AOI9/ke17ZwdGBToddI8pDm48kCiC6x0kNpxliGpzQTkOLNUUqsxRUqqbr1mOJYKfIPR7LoDQ9mXPOjoJoqy81S2I8PaoYXhp6HxIwZIk7-Mi3Tsic-L2IOPH3Dwrhl-Ne3Z2ppk8fIk4OUdzzAJ58dNz9ksAnbOUWC6fgQEHg0Bz14hkOpdljO7Z-5qh0zg85Jnj/natural-ivory-mulberry-silk-top.jpg,The Ethical Silk Company
Mulberry Silk Top - Coral/Grey,75.00,https://shop/mulberry-silk-top-coralgrey,https://images.squarespace-cdn.com/content/v1/55b6320ce4b074d8cb3522bd/1534019813609-TRV7UPQ7ZPOEH8IXWLS1/ke17ZwdGBToddI8pDm48kN2bbXB9QWj0Grg71_XN2O8UqsxRUqqbr1mOJYKfIPR7LoDQ9mXPOjoJoqy81S2I8PaoYXhp6HxIwZIk7-Mi3Tsic-L2IOPH3Dwrhl-Ne3Z2o2PjPl9uuENh31ryB5Q3ovh_bxuhTM3r1VI0iukNwT7vOzbI-NzUQK-lrlmb-Qyr/coral-mulberry-silk-top-and-palazzo-pants.jpg,The Ethical Silk Company
Mulberry Silk Nightdress/Slip - Lunar Grey,120.00,https://shop/mulberry-silk-slip,https://images.squarespace-cdn.com/content/v1/55b6320ce4b074d8cb3522bd/1534020066712-0XR122Z47GHY924J714L/ke17ZwdGBToddI8pDm48kANR6qd3jhYQkBSPZaGISyoUqsxRUqqbr1mOJYKfIPR7LoDQ9mXPOjoJoqy81S2I8PaoYXhp6HxIwZIk7-Mi3Tsic-L2IOPH3Dwrhl-Ne3Z2_eFxJdDQcCp1T3uv9v3KRYMDX8Sw1QnvNukChiZgFdObtxPRH917Fz9Qv_NunPol/lunar-grey-mulberry-silk-slip.jpg,The Ethical Silk Company
Mulberry Silk Nightdress - Coral/Grey,120.00,https://shop/mulberry-silk-slip-coralgrey,https://images.squarespace-cdn.com/content/v1/55b6320ce4b074d8cb3522bd/1534020135343-LHSDKZ20S3HQF1QZGDV9/ke17ZwdGBToddI8pDm48kAtKbfd1wWp3n7E8AkqjvTwUqsxRUqqbr1mOJYKfIPR7LoDQ9mXPOjoJoqy81S2I8PaoYXhp6HxIwZIk7-Mi3Tsic-L2IOPH3Dwrhl-Ne3Z27KUBqtpKnSv0XKxmwzFb1pDkbHuFXNwcnJW3B2GdfOwm_AaHWq01a8yFgqe9oqFs/coral-mulberry-silk-slip.jpg,The Ethical Silk Company
Mulberry Silk Nightdress - Teal/Grey,120.00,https://shop/mulberry-silk-slip-tealgrey,https://images.squarespace-cdn.com/content/v1/55b6320ce4b074d8cb3522bd/1534020178209-JNMKP0LPB741VN48QIGW/ke17ZwdGBToddI8pDm48kPcf4pydcBkMAwN0Qu08D9MUqsxRUqqbr1mOJYKfIPR7LoDQ9mXPOjoJoqy81S2I8PaoYXhp6HxIwZIk7-Mi3Tsic-L2IOPH3Dwrhl-Ne3Z28375mTIqMdydnxP--gpQt8MK7MdaLJ2riUU8sHukIaukL3r1G49e-3ZnDLNRdB_t/teal-handprinted-mulberry-silk-slip.jpg,The Ethical Silk Company
Mulberry Silk Nightdress/Slip - Natural,120.00,https://shop/mulberry-silk-slip-natural,https://images.squarespace-cdn.com/content/v1/55b6320ce4b074d8cb3522bd/1534020226008-7PK7VQ62K8KY7KEMP733/ke17ZwdGBToddI8pDm48kFrDFL1jHRnACkzP1Wrwax4UqsxRUqqbr1mOJYKfIPR7LoDQ9mXPOjoJoqy81S2I8PaoYXhp6HxIwZIk7-Mi3Tsic-L2IOPH3Dwrhl-Ne3Z2GiEXxYO3IEqvAb59iouobT5k9yUVjMXdDDThavT2kgMxb27qhdBlCJwccbVYQTp-/natural-ivory-mulberry-silk-slip.jpg,The Ethical Silk Company
Mulberry Silk Eye Mask - Teal/Grey,35.00,https://shop/mulberry-silk-eyemask-tealgrey-print,https://images.squarespace-cdn.com/content/v1/55b6320ce4b074d8cb3522bd/1534020735264-7DXNNFTR5AGOV1FM3SLK/ke17ZwdGBToddI8pDm48kCiC6x0kNpxliGpzQTkOLNUUqsxRUqqbr1mOJYKfIPR7LoDQ9mXPOjoJoqy81S2I8PaoYXhp6HxIwZIk7-Mi3Tsic-L2IOPH3Dwrhl-Ne3Z2ppk8fIk4OUdzzAJ58dNz9ksAnbOUWC6fgQEHg0Bz14hkOpdljO7Z-5qh0zg85Jnj/teal-mulberry-silk-eye-mask.jpg,The Ethical Silk Company
Gift Card,25.00,https://shop/gift-card-1,https://images.squarespace-cdn.com/content/v1/55b6320ce4b074d8cb3522bd/1534020763518-66J8E9AF2H9HP2DUWR0Q/ke17ZwdGBToddI8pDm48kAckkZW-Iex6Bn4Lupzzss0UqsxRUqqbr1mOJYKfIPR7LoDQ9mXPOjoJoqy81S2I8GRo6ASst2s6pLvNAu_PZdIMnJpWK1DTpuRZRjQ4zGSYEIs2G7syBS8TzIS-dJSVDJ_ZGgHxM_HEHh7pPMZfNbw/gift-bag.jpg,The Ethical Silk Company
New Mom & Baby Gift Set ,110.00,https://shop/new-mom-baby-gift-set,https://images.squarespace-cdn.com/content/v1/55b6320ce4b074d8cb3522bd/1534020852689-I15E2QIH5UUCGVB3DRJJ/ke17ZwdGBToddI8pDm48kGDpvalPb1SqHoCn1hwN0Y57gQa3H78H3Y0txjaiv_0fDoOvxcdMmMKkDsyUqMSsMWxHk725yiiHCCLfrh8O1z5QHyNOqBUUEtDDsRWrJLTmQPoRzxSr1hzN-vPBHt7YyLLXgctAyUJRqJUUGWVDK_ZzIgvsybGcZEPqUYiXY8im/new-mum-and-baby-silk-gift-set.jpg,The Ethical Silk Company
Mulberry Silk Scarf - Ivory (Natural),60.00,https://shop/mulberry-silk-scarf-ivory-natural,https://images.squarespace-cdn.com/content/v1/55b6320ce4b074d8cb3522bd/1568801210892-GY6KITM2SB9TTWZRBIKJ/ke17ZwdGBToddI8pDm48kM0MAM4MaufHJMs6v2OdEbl7gQa3H78H3Y0txjaiv_0fDoOvxcdMmMKkDsyUqMSsMWxHk725yiiHCCLfrh8O1z5QHyNOqBUUEtDDsRWrJLTmjJyaSXAwc_BJvYKv4pjNumFpOe1Isr-VJumnNXOpYVTXJHGorWsrw81gsVY3piSH/Mulberry+Silk+Ivory+Scarf+LR.jpg,The Ethical Silk Company
Crib Sheet / Gift for Life,85.00,https://shop/cot-sheet-gift-for-life,https://images.squarespace-cdn.com/content/v1/55b6320ce4b074d8cb3522bd/1534020810720-9ZPRRQ83N8WJWE44ZB2H/ke17ZwdGBToddI8pDm48kJUlZr2Ql5GtSKWrQpjur5t7gQa3H78H3Y0txjaiv_0fDoOvxcdMmMKkDsyUqMSsMWxHk725yiiHCCLfrh8O1z5QPOohDIaIeljMHgDF5CVlOqpeNLcJ80NK65_fV7S1UfNdxJhjhuaNor070w_QAc94zjGLGXCa1tSmDVMXf8RUVhMJRmnnhuU1v2M8fLFyJw/mulberry-silk-sheet-for-babies.jpg,The Ethical Silk Company
Blue Poplin,$ 195.00,https://www.tuckerman.co/collections/mens-shirts/products/blue-poplin,https://cdn.shopify.com/s/files/1/0890/9364/products/Men_s_Blue_Poplin_Flat_50x.jpg?v=1563205848,Tuckerman & Co
Navy Gingham Check,$ 195.00,https://www.tuckerman.co/collections/mens-shirts/products/navy-gingham-check,https://cdn.shopify.com/s/files/1/0890/9364/products/Men_s_Navy_Gingham_Flat_50x.jpg?v=1510013245,Tuckerman & Co
Bengal Stripe,$ 195.00,https://www.tuckerman.co/collections/mens-shirts/products/bengal-stripe,https://cdn.shopify.com/s/files/1/0890/9364/products/Men_s_Bengal_Stripe_Flat_50x.jpg?v=1510013549,Tuckerman & Co
The Fitzgerald Check,$ 195.00,https://www.tuckerman.co/collections/mens-shirts/products/the-green-check,https://cdn.shopify.com/s/files/1/0890/9364/products/Men_s_Fitzgerald_Check_Flat_50x.jpg?v=1510013137,Tuckerman & Co
The Kelly Check,$ 195.00,https://www.tuckerman.co/collections/mens-shirts/products/the-purple-check,https://cdn.shopify.com/s/files/1/0890/9364/products/Men_s_Kelly_Check_Flat_50x.jpg?v=1510012986,Tuckerman & Co
The Hoagy Check,$ 195.00,https://www.tuckerman.co/collections/mens-shirts/products/the-red-blue-check,https://cdn.shopify.com/s/files/1/0890/9364/products/Men_s_Hoagy_Check_Flat_50x.jpg?v=1510013162,Tuckerman & Co
The Trent Check,$ 195.00,https://www.tuckerman.co/collections/mens-shirts/products/the-blue-check,https://cdn.shopify.com/s/files/1/0890/9364/products/Men_s_Trent_Check_Flat_50x.jpg?v=1510013006,Tuckerman & Co
Blue Oxford Button Down,$ 175.00,https://www.tuckerman.co/collections/mens-shirts/products/blue-oxford-button-down,https://cdn.shopify.com/s/files/1/0890/9364/products/Studio_Session_-_May_15_2016-072-Edit_50x.png?v=1510012431,Tuckerman & Co
Salmon Pink Oxford Button Down,$ 175.00,https://www.tuckerman.co/collections/mens-shirts/products/salmon-oxford-button-down,https://cdn.shopify.com/s/files/1/0890/9364/products/Men_s_Salmon_Pink_Oxford_Flat_50x.jpg?v=1510012590,Tuckerman & Co
White Twill,$ 195.00,https://www.tuckerman.co/collections/mens-shirts/products/white-twill,https://cdn.shopify.com/s/files/1/0890/9364/products/Men_s_White_Twill_Flat_50x.jpg?v=1531416064,Tuckerman & Co
Women's Navy Gingham,$ 195.00,https://www.tuckerman.co/collections/womens-shirts/products/womens-navy-gingham,https://cdn.shopify.com/s/files/1/0890/9364/products/Women_s_Navy_Gingham_1_50x.jpg?v=1510014236,Tuckerman & Co
Women's White Twill,$ 195.00,https://www.tuckerman.co/collections/womens-shirts/products/womens-white-twill,https://cdn.shopify.com/s/files/1/0890/9364/products/Women_s_White_Twill_1_50x.jpg?v=1510014229,Tuckerman & Co
Women's Blue Poplin,$ 195.00,https://www.tuckerman.co/collections/womens-shirts/products/womens-blue-poplin,https://cdn.shopify.com/s/files/1/0890/9364/products/Women_s_Blue_Poplin_1_50x.jpg?v=1510014297,Tuckerman & Co
